Token Address,first_seen,launch_ts,launch_pair,launch_liquidity_usd
9FyERA7vjSDXVEGDskjYjTfymQ7XTqJt6dbVDCWmpump,2026-01-16T12:30:25.136828+00:00,1767257352,Eme9CdDzJt5ZyYcsm1TmTwYncJFHv3Xo4TEYaLidkB11,41914.39
41k34GnszeQRkcuWcuRkYTWDPrscvPG4REbHjfPDBAGS,2026-01-16T12:30:25.136828+00:00,,,
5ke7NaLEspUT9zE2S3XPAKktPhU6zvWb7xt9LthXBAGS,2026-01-16T12:30:25.136828+00:00,1766561777,Bao6fhJ5JV2YJnajy9da5CjRPQ8aUz8dMig55cGw1tVE,17501.1
H7uU8TKmz3om6cepKJvdEckB79dg4zFMU2p5v1kcbonk,2026-01-16T12:30:25.136828+00:00,1768406940,HkV9WJW1X6XVoYwgCf7E3cwaVH2cYFTKKoy2VgT5kMMN,2309.52
AGLZVnAaFBUW2T4vkdukFV8A4it6uyHvCzQPJTcrpump,2026-01-16T12:30:25.136828+00:00,,,
F9CpWoyeBJfoRB8f2pBe2ZNPbPsEE76mWZWme3StsvHK,2026-01-16T12:30:25.136828+00:00,,,
3VXggYXiLnxYtmbwLjN38bLqboi9MPsHrBdRvwX7pump,2026-01-16T12:30:25.136828+00:00,,,
2ESXeCDXA7yzLWyqCdpWhFWz2ts43dNiij4PMm6FtByJ,2026-01-16T12:30:25.136828+00:00,,,
2DKhnrgnrNYQCgW8BhQ9pDqhPt14rzeLL6DnPeoiBhUt,2026-01-16T12:30:25.136828+00:00,,,
ENgSDTZjZHLrXkYbQP3j3vzD9ANdnc8VCs9yxi1cMi55,2026-01-16T12:30:25.136828+00:00,,,
oreoU2P8bN6jkk3jbaiVxYnG1dCXcYxwhwyK9jSybcp,2026-01-16T12:30:25.136828+00:00,1722652671,7XNR3Ysqg2MbfQX8iMWD4iEF96h2GMsWNT8eZYsLTmua,107888.8
F8cNjtPG2L2y88vug58RghT5Tirqba3W66TEdxSjpump,2026-01-16T12:30:25.136828+00:00,,,
B5zvYQANmqupXQMjusM7vsJxXazF5u2g9MHcomKEpump,2026-01-16T12:30:25.136828+00:00,,,
7h5AzpYTAnh4Gyux8Gqko5Fvx4AYQBZdkzHZ2CsBudvJ,2026-01-16T12:30:25.136828+00:00,,,
4cWvsyM8YeA8fE1K8hBFmfzkMHxTpMqKzd73X9w5pump,2026-01-16T12:30:25.136828+00:00,,,
CGTKNjw3KZ4vdo1i7Qs5PWprMYqQGPXy8nJj649n7h69,2026-01-16T12:30:25.136828+00:00,,,
D4yR6oNXiZ3gLtYHTnJtHeJ63z22rPyoNnqr9xR8pump,2026-01-16T12:30:25.136828+00:00,,,
CkTRgxTpAudYrZR31wAyTkg1phVfgY7CpfX1ZAyPBAGS,2026-01-16T12:30:25.136828+00:00,,,
GbRU3mq5CGTkFYxtvYMEbcVxtQAsC1k4DRYGeiDUbonk,2026-01-16T12:30:25.136828+00:00,,,
AToZwPsrDTLCmsaUvG5NgpTF2dBYzt434ajdxcjEpump,2026-01-16T12:30:25.136828+00:00,1768318104,ApZWEkRN5EDGWGHehwyt7DaboyieknnEjAQgfgdU9C4f,13536.67
BwUTq7fS6sfUmHDwAiCQZ3asSiPEapW5zDrsbwtapump,2026-01-16T12:30:25.136828+00:00,,,
9HNeBryNEWvc3Wj8WyREWMCCjNZckCwbcuyMfgCtdhF,2026-01-16T12:30:25.136828+00:00,,,
8467ssuj6Gkw15ABv6BvxJAKnGJALXJu6dxDxt4upump,2026-01-16T12:30:25.136828+00:00,,,
F3EF3t4g7FmfiLXD8ZcHBLE8fZezUy7GdLtVs2kwpump,2026-01-16T12:30:25.136828+00:00,,,
CzFvsLdUazabdiu9TYXujj4EY495fG7VgJJ3vQs6bonk,2026-01-16T12:30:25.136828+00:00,1765939122,3JBkdAGcM2ewBf2KWjJV8c2fPJ3CbpzfEqqatyvmTCTn,19159.52
85cQsFgbi8mBZxiPppbpPXuV7j1hA8tBwhjF4gKW6mHg,2026-01-16T12:30:25.136828+00:00,,,
8c2o8fkPdsHnQ6jW46EWZkuuZJh9FVBXtV3EY31iBAGS,2026-01-16T12:30:25.136828+00:00,1768553895,6F78SfpSRo3c8MfNzLz91jVU2M8jfPPYSCJVNRXvvx9G,35489.82
GfPK3VLt1VqRJBHzkHe12qxn6GPXJPi7HHqQe1X2GLD1,2026-01-16T12:30:25.136828+00:00,,,
4nswj3o1Lo9iWYvvRJxUD8vbCy9ay7QQoXYcncHNbonk,2026-01-16T12:30:25.136828+00:00,1762680928,GcbZqAaWWmCse1Q68sfd5Sh32ZuHWPugq1NYowQuc5k1,141852.4
4CABaUWACfKzFfmXoS5n7eiyAdahoJ3DCdmma18Apump,2026-01-16T12:30:25.136828+00:00,,,
oobQ3oX6ubRYMNMahG7VSCe8Z73uaQbAWFn6f22XTgo,2026-01-16T12:30:25.136828+00:00,1762958967,DehSVMLfV4fjyn9JAfgvDbT9kE2t97WnGJTXFnk7EkQx,529681.21
45DzrxKPS4Rgerk7u6gBCB9iikF4gYVUtYE6GXbDdZkj,2026-01-16T12:30:25.136828+00:00,,,
7tAnusL3srXjzEriVL86a23KgwDZKXJTZ2ezEUubonk,2026-01-16T12:30:25.136828+00:00,,,
EvXkXJcf9ZieNL9CVmBV4bj7E6WP9pv13U2jpv3UFkyX,2026-01-16T12:30:25.136828+00:00,,,
7pskt3A1Zsjhngazam7vHWjWHnfgiRump916Xj7ABAGS,2026-01-16T12:30:25.136828+00:00,1767675100,FiNu5nSFwvjQbAFDESxDxvLhQJa3H7QYBrLUqFRB27v9,671030.64
G5rCpt2YJYPDZFwqUUSAdj1Luz5kLvcmmvnBvZ8jpump,2026-01-16T12:30:25.136828+00:00,,,
FZpGe6zQPWh9LvSX9DF94Lv8W8MsqZ7zQnxMsUAjBAGS,2026-01-16T12:30:25.136828+00:00,,,
4czabrshcYwrjR3gEEJ8BcChJC4NcJYzdepGUftkpump,2026-01-16T12:30:25.136828+00:00,,,
2mRzvFwkS2abp9Vc4W6CYpri59p6DxzddbM5LZkKbonk,2026-01-16T12:30:25.136828+00:00,,,
BQveHFCcnUPbmKCBLaT9vogvnsXnrjNnxe315aDNpump,2026-01-16T12:30:25.136828+00:00,,,
A3D25W7S33nSoF9FmncP73pEM693QoGbXFJTWhVLBAGS,2026-01-16T12:30:25.136828+00:00,1754712064,FbgnMAjEJEN3DbH1NV9AB7sdLKfbifx2PfTZbV2yTi6V,16916.73
5EJ8HRRgXRCxwKs4xPBnh2GkxH2AwuvtSJDareGaBAGS,2026-01-16T12:30:25.136828+00:00,1768549590,EorZseZNebhKMxaVa8DbRHxTpJ4g5Rc5hwfd812YgXVb,24574.45
4jzHA1TJqSCNDrmGrtHX46um1363XGu6HpUHWyn4BAGS,2026-01-16T12:30:25.136828+00:00,1768556195,D6bpihYmb1Y76D3i6WnzeaZUAxswZCYkKJ7S8uzQPqU5,25986.32
J3NKxxXZcnNiMjKw9hYb2K4LUxgwB6t1FtPtQVsv3KFr,2026-01-16T12:30:25.136828+00:00,1728792488,AgeSxtVWWMojFWYNrXKnVp9cFuC5CQ7M4rzmrseLxfUj,568406.6
EqquikmAsy62SHadHzHnVXWusLRnWtP2vgseAthdpump,2026-01-16T12:30:25.136828+00:00,1768423813,66bEdGUY3NbFGXVXKvxVGbkmbGUE77KyiGoh5pqunU1h,68639.03
FRe7Fm4F4RdXGU1PxCc388oG8tMqCdy3QSxwVDbSpump,2026-01-16T12:30:25.136828+00:00,,,
8n6jD8K1d3B5DMgGWsWQQCeFXmidiiN7X6yzGwHPpump,2026-01-16T12:30:25.136828+00:00,,,
C7uAnwS2ScsDQp4U6snoAf3H6Lv9neaVUSFWUU7Tpump,2026-01-16T12:30:25.136828+00:00,,,
EcUZmjKw8FoxJvSVzz8jyUYQ4zpMqgh766gFAcTPpump,2026-01-16T12:30:25.136828+00:00,,,
4utxN2BiZM1Li7TP7QDsvo1kSbRawpHVc7fXnHVrpump,2026-01-16T12:30:25.136828+00:00,,,
oziwjiHzdJVhB1o1fyXgTQGVKKgJeTQELNhTbLBbonk,2026-01-16T12:30:25.136828+00:00,,,
CZFMKQESTKaSCMG9sND2xaYTwqorhi7ApKewPSe1pump,2026-01-16T12:30:25.136828+00:00,,,
BqYJQ6hVYxYzGrSbUyXy52oP6aFduq1PRxUVSrFtuDgz,2026-01-16T12:30:25.136828+00:00,,,
DLScRnWofxiYGqnvZWGy9Gt98MPqKdznaK4TRukxpump,2026-01-16T12:30:25.136828+00:00,,,
ArNSECdugwDZ2i1GAPYx6jhN6U8rgWBHZcmrjJwpump,2026-01-16T12:30:25.136828+00:00,,,
42Yokz8Hx4qsUR66h2W3vhGzUogo24E2PLCsG2mFpump,2026-01-16T12:30:25.136828+00:00,,,
AhNzGgfPhAmvenc9q1WGLYnEaRALL6bfVV146DUspump,2026-01-16T12:30:25.136828+00:00,,,
7HcZz4segTW8rLM6m5bR7ZQ8KamTm1MJ3jhdDNirpump,2026-01-16T12:30:25.136828+00:00,1768412717,HUkZ51ZKUpyVuxmLHsvf2iPxgzXaFBDHkEKnCKVDuv4L,63730.13
4nKiBzUscGCKkEpz1Jz8upgbaRySigVF94FcDZ6RN5u5,2026-01-16T12:30:25.136828+00:00,,,
FnzhsH6zfA6KdWmkav8muL8JDqBNb21KHLLRsfbMBAGS,2026-01-16T12:30:25.136828+00:00,,,
5qcXLaCoVPSi3ztcUDnt43ipTH3PN9iwRSHEQztBBAGS,2026-01-16T12:30:25.136828+00:00,1768420855,BaZjXMAWvF5KRTRzKyWiFY55RT7PD8sRtLfhMk17kaVS,84379.89
DN9PQ7RGnfgz4kZMTPwSLRitZwShSLe28AgMVhstpump,2026-01-16T12:30:25.136828+00:00,,,
9JyW8mxDRJgpMtQVTWxb95C58TiuPd7u1w9wM7bKpump,2026-01-16T12:30:25.136828+00:00,,,
AkE9wv176ZXbgSk6zjHmxmZ26Udj2hAsmzq6UQxmvKjf,2026-01-16T12:30:25.136828+00:00,,,
4m8F3zm74CpmLWnz3kUwvPexsuHTMYYgXBXqP2g7pump,2026-01-16T12:30:25.136828+00:00,,,
EuNg8hzKW9rRaKxv5qqWFQ6uNU7puQCJsgMbHszCpump,2026-01-16T12:30:25.136828+00:00,,,
F6twPuZcUmg2xYqJXoJByocPfCpRgCye4W9mQn6Xpump,2026-01-16T12:30:25.136828+00:00,,,
5UtVnpYAV7uwHQSnzCbFENXqfzyZSqbcGFLp6rfRBAGS,2026-01-16T12:30:25.136828+00:00,1768369716,528ka31tMjwZWG6Wu3URHFya3hw26nmVTuDHb8R4RK6W,15768.48
zTuRGX1spt8PcVvebYHhSKkUVJ5qdhmjSaVhPZyaQZA,2026-01-16T12:30:25.136828+00:00,,,
9HGjB1sTXbG3uDtSLXyN4QpvaJApRy73gDBfk1gNLcp9,2026-01-16T12:30:25.136828+00:00,,,
7fK3fMcrLbfPC4dCtDbeSyrEeYduGaSCzJmm97rjpump,2026-01-16T12:30:25.136828+00:00,,,
6McTgGvn8SQr7SmjqPcwNbc1f3FRWCjq9tfZjvvBRceL,2026-01-16T12:30:25.136828+00:00,,,
GydKXEPFVjxMF3ok9xZAT27J3N4NJmx4gW2ZpwCWpump,2026-01-16T12:30:25.136828+00:00,,,
764qNAXSkMzD612NRPqk3Sv8wWC6R3F7MvTg2RCtpump,2026-01-16T12:30:25.136828+00:00,,,
G2dJVAF27n4xBGjftmrpTydiUGb5eCjferW3KDRubonk,2026-01-16T12:30:25.136828+00:00,1767869008,6MBd9VMBC6ekgLBj2fV2hF3epvqsgXjaTiCtz5WTMKGu,12274.14
9bcF3a4p8826puyLB1tgzkuq4hNUeBnVDT8psvDvBAGS,2026-01-16T12:30:25.136828+00:00,,,
FV5nXaxfLWcYbUmajK72gTSG8jRrxTGEf9SP9Noopump,2026-01-16T12:30:25.136828+00:00,,,
v3kYxvW3iWcm4AG49NJwk9V8dNPcTU88kZDQvpunpep,2026-01-16T12:30:25.136828+00:00,,,
8E5EZhbyj3itnrvp4VHvwNCpvyy2PkQrqvnKy1Ur1o8e,2026-01-16T12:30:25.136828+00:00,,,
4KV1mDhsgdmdbPi4P7D1niwEoQ5afEXSwenBHPDApump,2026-01-16T12:30:25.136828+00:00,1768531513,65hdmXqU6hcXckGZvPAB5C716po9AS4amXDu8hjmZXpW,7023.21
2JMdh6QraHosTUrSajUgj7KE5U3UVAg1MyXjeh3QMDTC,2026-01-16T12:30:25.136828+00:00,,,
AuMLxRkWxUVFXTow6LA7kKRfdAFAx7hNZeH8bTpdaos,2026-01-16T12:30:25.136828+00:00,1768563636,CkHB3h8wfFQBXWoxqeofmcow7vakiViMD2SL1WkDWNq3,30805.6
GxugnheU8ccQU73JfQem3SiowmEpBXVFL1kQK6Bqpump,2026-01-16T12:30:25.136828+00:00,,,
7eiQUCLfu4ME3X6rHqqiRkp9n53eHWgYP9s5NPNqpump,2026-01-16T12:30:25.136828+00:00,,,
E8kXeTeJfXUyioUTTqD7UMbuXW7MVAWhXk2oZPyJieQz,2026-01-16T12:30:25.136828+00:00,,,
8JY8Je7NUw6VtadmPjzaZWHqkuvoNGp4WTgstGWypump,2026-01-16T12:30:25.136828+00:00,,,
CARDSccUMFKoPRZxt5vt3ksUbxEFEcnZ3H2pd3dKxYjp,2026-01-16T12:30:25.136828+00:00,1756537608,JCWhn7o8Lrj8Sf5c6caWngksVD2zb9eMEbQS4z619kFB,124037.91
8yCa6JM6Qxs4DgnubGxStpji5nmAVtu5k2PDrGCdBAGS,2026-01-16T12:30:25.136828+00:00,1768559951,BMUxLDLjnn3MRHNhVoehWsvvqZGcgckzGVYpogRHks2X,24673.14
soCLGVqNFx63FcSwc89eTLABLXAg2tAoHJhDthz8ExZ,2026-01-16T12:30:25.136828+00:00,,,
ESrUw2Msmdo7y9Wx6LF255hQWH6q3hDfLu84VDSmBAGS,2026-01-16T12:30:25.136828+00:00,1768562195,2YcnitoKocNPike32PmrfPbY9Fk31ivAHPwurMthz5Gk,10210.57
DTJw3K2CkwjCHYSwtZSh91LcWQ8bCdJodVixCT5EVDGn,2026-01-16T12:30:25.136828+00:00,,,
R4Ua519xU2g2bzBsaGNtNacimphQ2q5nvxhfmPUpump,2026-01-16T12:30:25.136828+00:00,,,
sVHEhopEaDxnLaRWbAs9zZY6nKWj9PeoFamgdGcpump,2026-01-16T12:30:25.136828+00:00,,,
EaxDJbZ6L7FdgQMnHRwqTrasJXQRfuHY5oDtNG1vpump,2026-01-16T12:30:25.136828+00:00,1768160760,FHmh6HgoyJmf7wp3goGJYCGyrYPxuGehf37MnpA6SYNX,16722.43
3vZTWr45t553hvirsRJRyWgNi8WfgnBatxGG8EvFpump,2026-01-16T12:30:25.136828+00:00,,,
FD9XWDc4SECT2dysEskoikPKGZYBaZWhN9byxAL9pump,2026-01-16T12:30:25.136828+00:00,1768514262,753raM92XfvGxFaLJVKeJL7vTyVqWNAbHtcCi9ayNkd3,43161.76
3w8tVrQs7J4yhWzxgd3Wsbo77KeR5BGLhCsFFQtYpump,2026-01-16T12:30:25.136828+00:00,1768254809,5FurUK4QLiKXFyrRchibgyxTvPThiaUgyb4CVmBmjReX,6367.54
4CBToKTRKfBsv8RMfzMr6VfKQ8PLRYeG6RFGZmq4pump,2026-01-16T12:30:25.136828+00:00,,,
6QEuKt8xkWyqxrM4AP7UiDU4UzG95kibijVLAESDBAGS,2026-01-16T12:30:25.136828+00:00,1768544810,8TkUJ7959DfmZs6p3DV2iM5hvXWGwUZKFKP7f3G1Ag4Z,70154.1
2PQ4cFsp7YnHq37fJzbeesATsvDngPre4KtB9Z9GTRND,2026-01-16T12:30:25.136828+00:00,,,
22ySxb5Zh2MDyYC3ekyBinj9kXfMSVGNUZEnFn4JBAGS,2026-01-16T12:30:25.136828+00:00,,,
ABLXNQfetfhBGjHitfXBPNRN1X8g6a89H2EVJWZspump,2026-01-16T12:30:25.136828+00:00,1768484281,2uu67YnTJkyTGFr1rZFqknP9vs7pvYwGMn6LsxFrYjBC,6922.52
9az1qp8h2TJQaZqoxT5g1vzdoVMF5HBj4LRboJGZpump,2026-01-16T12:30:25.136828+00:00,,,
ENpBAEwQoGPozoZjkAC5ZD1xmEyq1TRR1JLxaUUtpump,2026-01-16T12:30:25.136828+00:00,,,
8NaJQEvi2ssUhpkAurKk2WzemJGdkd8ecyo7uSXN9ygT,2026-01-16T12:30:25.136828+00:00,,,
5TXEbCSbnTwbx8Zah1uTPvmRiizAaevFNWHLFs5Xpump,2026-01-16T12:30:25.136828+00:00,,,
4hnwyF7DwQGcSX69wvGpnqGNerY76yrBrzTnq4Nopump,2026-01-16T12:30:25.136828+00:00,,,
CFhC6ogV29uaY3FBegA6wgc5Pigfkw3SFVTctG9RZwur,2026-01-16T12:30:25.136828+00:00,,,
RAkNBLcR85ikmy94WoGdLvJGx8N8y326c5uU4sqpump,2026-01-16T12:30:25.136828+00:00,,,
6eGXjNaoa1gg8ohCii8iUiqhjgRQbPCwah6f1db4pump,2026-01-16T12:30:25.136828+00:00,,,
5v9DVb2Wa3otuoQaUKNrpRUnUXhDMyA9V439veLtpump,2026-01-16T12:30:25.136828+00:00,1768504070,zN7keoARiH2vkZvckYXHTh7wwJ8xe4P8htqwYUtqwrX,42121.55
14mi99RpGsySHTiV1ttUiCUmBcAhioESEpPSiJNATpiV,2026-01-16T12:30:25.136828+00:00,1745720145,7xEHaPqDftvtNVm5wvA3WuChmTRXnR9R3amUA3kn2Qx5,12668.05
5gJTrQ4kxTzJkt6aeLupUvkQv6dcXuGJJo6yTaeFpump,2026-01-16T12:30:25.136828+00:00,1768357488,BU3XveXJyUEnivkz8EEPCrZ2e8QBnFKjD7WR1oFaLkNL,121517.78
EeaLru1fCNjjeMnkRxyRPRevYqNba7krCzdFeGTPpump,2026-01-16T12:30:25.136828+00:00,1768502103,EV166wKaiJ1WXbWdpmbKVJjEC6ktpCGHUf97EZPvMhai,432946.38
Gk6VDZSMcCcMZnFRdvwRJou2cqPSCw5nLbsCsQFZY36x,2026-01-16T12:30:25.136828+00:00,,,
D8FYTqJGSmJx2cchFDUgzMYEe4VDvUyGWAYCRJ4Xbonk,2026-01-16T12:30:25.136828+00:00,1766776074,AMp2NpekCwfqbQLECMekLFpgieFDbx7pLZ6KqSbzvM2y,9027.55
7KwXNXXwie4i3VwHYi6rdjr8XM5MJtPbjx3NPJPPpump,2026-01-16T12:30:25.136828+00:00,,,
8fYEKoWFf2ySykDK2mA5Pc19GPk13zpM8McAu78ZBAGS,2026-01-16T12:30:25.136828+00:00,1768566477,4DNJSYjVP4MPfMY789ozLd5oJ2rKBYToZdNGMPSzfv8m,23985.49
9Pf51De14xWhm6mzEd6k6HeSf8RkztmFioDHhxJMpump,2026-01-16T12:30:25.136828+00:00,,,
FwXu38BQ9X5aRfy6sQH3nXHCU5zs1bRjgFQQ6D9Npump,2026-01-16T12:30:25.136828+00:00,,,
9J5rBqN8uH5PvRH8G21ejBrqrctTmJCQ2qBxVAa2pump,2026-01-16T12:30:25.136828+00:00,,,
Eevkzw3D7stq3gbLHQfuWT9FNzpWR9WxUUNBrCrWpump,2026-01-16T12:30:25.136828+00:00,1768536169,29YoK4HKFngj2R48pHz7WCtLnwU5MgUnpzkGHGBmYEnG,9787.79
Ey59PH7Z4BFU4HjyKnyMdWt5GGN76KazTAwQihoUXRnk,2026-01-16T12:30:25.136828+00:00,,,
8AkguJ6zeg9Gp2PcLdi4s3NqUANLhp9JXKySMmfypump,2026-01-16T12:30:25.136828+00:00,,,
8QVJD73tT7SooidAam1mzADJb4nhqojKwNXN8CL5BAGS,2026-01-16T12:30:25.136828+00:00,,,
2Zaq3WyDJj2ZkMcuqUiTBfAXCjqZtqihxcwUdwv9dyHA,2026-01-16T12:30:25.136828+00:00,,,
6ubZCx2brrqq4hy97aVDchw4KXBWJNoesETDpRWpump,2026-01-16T12:30:25.136828+00:00,,,
jupSoLaHXQiZZTSfEWMTRRgpnyFm8f6sZdosWBjx93v,2026-01-16T12:30:25.136828+00:00,1713299596,bNcdL9Hy85c9qb4hRavAUFtJUiyRPh3u96jerFqZQq6,60475.46
ZEUS1aR7aX8DFFJf5QjWj2ftDDdNTroMNGo8YoQm3Gq,2026-01-16T12:30:25.136828+00:00,1712211836,Dsxt7wUigQU5puH9nHjmfwnUenMycAgsFtrkfggLh8P1,60355.54
CAYyJB8rBs2vVkXDNtphnbBdp9SBkfcLi34oYaNnXaPD,2026-01-16T12:30:25.136828+00:00,,,
Ae2EHbPAHcDXNtBY4DzT6m8hPorHWBdrmZLWAdccBAGS,2026-01-16T12:30:25.136828+00:00,,,
8FtafPHhmYVtKQYrbNs4ZSS2Hwykw5dJ3t1JtGsC5yBx,2026-01-16T12:30:25.136828+00:00,,,
9RtdtqboCMZDTsTNYkwBUoeAWxLkztC8Psuku6xnpump,2026-01-16T12:30:25.136828+00:00,,,
8WPpnSQgJ9xtnG5kEaNA5Q8SLFJdMH3UFMN8KYwGpump,2026-01-16T12:30:25.136828+00:00,1768489869,AfZNdTABHn1kxVtv16AS38HJh3FhtSd8mcqmC2i5TKRX,5901.19
3j92g6mygEzuQ25Atdy8xPsScH7hsn33PjH31ZqP61Rg,2026-01-16T12:30:25.136828+00:00,,,
4FDtAagigMuFcPp36rbd9bzcYTJgQah2qLMYcYtfpump,2026-01-16T12:30:25.136828+00:00,1768554718,DF5JwTxiypSp4LQRTq7fxQeZxeHi23ZkDerUiMk8KWYN,84467.56
J1e9Hs9sPmM6Eg8uJ6vpBBPMnqyd7GAYFfKkYJ9wpump,2026-01-16T12:30:25.136828+00:00,,,
3nKGihvJB4k2q6YEaUpGi6foeQSm51EhDeixbpKUw1oa,2026-01-16T12:30:25.136828+00:00,,,
CXiq46Sg4qgHTEXVSGfzSuKWx6ScKBq21wxuQgTgBc3h,2026-01-16T12:30:25.136828+00:00,,,
CQyv9Yn4LM5VmU3HQ3he7obF7UNEgYaV6FbheMTcpump,2026-01-16T12:30:25.136828+00:00,,,
4RCbpJQQuU9T5cpENZNK5PcBu1SYryNupjWM3oHfRAL4,2026-01-16T12:30:25.136828+00:00,,,
EhoxxQzioacNSsvyrokQ4R2BDWzEva5Bv9xKosofpump,2026-01-16T12:30:25.136828+00:00,,,
eowQuvHPEhaNw7M2Sa3DamNS3KB6u9xz4rKhYHNpump,2026-01-16T12:30:25.136828+00:00,,,
6Uvd9swqrwqi7ow3Q6Nxkhv4nivhAJ5RwAyoZwnnpump,2026-01-16T12:30:25.136828+00:00,,,
8V5ZKPSMixYnBg4t3RtSU9a1daHAh38Pyhea2R3Xpump,2026-01-16T12:30:25.136828+00:00,,,
CdAJapWucXxu8sq9pKZqByru9ywNa2zJ5CBeGTpNAv5b,2026-01-16T12:30:25.136828+00:00,,,
8DfgozVkKw3YZ9wZ21wCQj16XRzpTozNuML74gG4pump,2026-01-16T12:30:25.136828+00:00,,,
3Q1SURjvKhKJS37TY9WNot6Pq9Kxpp2vAWsWt9W8pump,2026-01-16T12:30:25.136828+00:00,1766239514,4tvRF51jX5h9Eq1rsFX185QcHNZMrTqirL5wv7s5BtA7,18721.75
2tUfyxgW4sFCNm72bNw5ymG1Adknkp9NL5jcRyVjpump,2026-01-16T12:30:25.136828+00:00,1768250341,FJqERQwshbY9iPHgGWZQpDajWByXTvMdJQHAp67tfXKN,8100.5
2hzyhaQfLzUuB6Lp2vHDY1C8NXa9dUjsv4Miau6xpump,2026-01-16T12:30:25.136828+00:00,,,
GVT6GP22s27p6ghMnmxV2ftgQMk4fKG6pHbmtWmxpump,2026-01-16T12:30:25.136828+00:00,1768474677,J79XkycjaXnU4fpzR2AHGyKZVb768KtbGTnu8SJfu1oK,21936.69
3swN8P34iw4VHsB1SNP3aYq6xMLiuddb6mRbeUTduz2f,2026-01-16T12:30:25.136828+00:00,,,
3Mv9xGWztbSvTEe1Qbf4ZQzrc9sAVWXA4HnhkJ8wpump,2026-01-16T12:30:25.136828+00:00,,,
2ViT1YxyaJAhmqfSh4RUW4U7A8HAY5P5Fd24opCiX2SC,2026-01-16T12:30:25.136828+00:00,,,
D6i4iUavyNoa661ACnoVgVACobqqCsFZxYy8zg3npump,2026-01-16T12:30:25.136828+00:00,,,
H43Use26FBoAo4nfRCkSVU7YjXR27wLqLnrJX1NXBAGS,2026-01-16T12:30:25.136828+00:00,1768536466,7mtKKWk5RoVgVqZ7WYu38gTvxi9TpTttaqiqw3Ud74Mb,65217.1
GH55JDUH3aeyHvVwPHzYKgvzXaCc1aR1gagiiGs5pump,2026-01-16T12:30:25.136828+00:00,1768481826,BDkTw3s74RRsrXU7WHdBcGgamsdftfECEPDv5wmwPBiT,28169.82
2B5Rs88FYyFp4XciFrJ7zovvEeybiinZA8PXsSptBAGS,2026-01-16T12:30:25.136828+00:00,,,
B9u8h65uM1oifqmP82VyUDb68iG2fKfZiyubmNMtu3h7,2026-01-16T12:30:25.136828+00:00,,,
56Lc5By6bBmewoLZLy2QWs9L9nd8aQHFZrYCSaX5KDCm,2026-01-16T12:30:25.136828+00:00,,,
3joMReCCSESngJEpFLoKR2dNcChjSRCDtybQet5uSpse,2026-01-16T12:30:25.136828+00:00,,,
B5boCskXEFb1RJJ9EqJNV3gt5fjhk85DeD7BgbLcpump,2026-01-16T12:30:25.136828+00:00,,,
DPgo26tLZXdNfB24ahP2LTXsxSPxvxPq7takvavppump,2026-01-16T12:30:25.136828+00:00,1759800945,EEb1xU5Dp9iz573SpXXSUBjVPdUXdr7knPbrryNfL91z,46447.06
5X7a6VQEKfujHV98Ny7kZ8hhg9swtRAPirNRXHrHpump,2026-01-16T12:30:25.136828+00:00,,,
Hk53eT2nUYzRRkjtn1wCtuURzgPDCA38NLLMQEyhhsms,2026-01-16T12:30:25.136828+00:00,,,
FTAURtCBbaBGQ3kUNm3DSM5x2c58ojkEwTSWSA9Wpump,2026-01-16T12:30:25.136828+00:00,,,
HFXU1pTLbgiGbK5fCnW8xrddNVGb1PYzxmyihLPRBAGS,2026-01-16T12:30:25.136828+00:00,,,
68f38rrvFV1b9wLwMjPQRDjNxqWzuC63Rj4qvBiFUptA,2026-01-16T12:30:25.136828+00:00,,,
ETF6SGArjwPy3yKkSeFhhPy7huS67hnb7jFBES9Gpump,2026-01-16T12:30:25.136828+00:00,,,
HLxCGzxF7BQN5B2BQg31cZcLef97ieJenXMXCejEpump,2026-01-16T12:30:25.136828+00:00,,,
F8DXvjN933JSEqjKpnwNuQCMF8QcPXPiPKpmY6Fqbonk,2026-01-16T12:30:25.136828+00:00,,,
CxWPdDBqxVo3fnTMRTvNuSrd4gkp78udSrFvkVDBAGS,2026-01-16T12:30:25.136828+00:00,1767595076,DbyK8gEiXwNeh2zFW2Lo1svUQ1WkHAeQyNDsRaKQ6BHf,531484.75
Eef1TFvmyaNmWP55QZFJsYF3PJ7n8UCprRvPZ4VmxN13,2026-01-16T12:30:25.136828+00:00,,,
63quKbu8sxJ21596D63J2KVy3dtLBRkFBqQJ7PdZpump,2026-01-16T12:30:25.136828+00:00,,,
6UmWzmUy1RFa4eRGqpCL9Rat7oY4xXNV5Lt6pa84pump,2026-01-16T12:30:25.136828+00:00,1752863659,EbRgjouKd8ZJFwSaCcRCtxtdG2rYqHcvcvS9BZL3qiP9,41763.97
7SGYtYvjzKXpMbeyT4Cxs9gLsT6N58oaXTRGgPESpump,2026-01-16T12:30:25.136828+00:00,,,
81M9TjPT7aB1TGwLRVgdSnRQLRVBez41RCLU3HVqpump,2026-01-16T12:30:25.136828+00:00,,,
1zJX5gRnjLgmTpq5sVwkq69mNDQkCemqoasyjaPW6jm,2026-01-16T12:30:25.136828+00:00,1747874526,4SBYWY5UuxybWuj8FwHdFXUN6mbtACrqbJwiZ9mXworP,1157346.7
CuHuzFnVrWniVuUfzDZDMwbvdRRZAKxjSH2g3EHiBAGS,2026-01-16T12:30:25.136828+00:00,,,
483rcfnGoEKhbK7Mso5CzkZicAM9nCASy9iKzMPYBAGS,2026-01-16T12:30:25.136828+00:00,,,
BishJW8AN57nNUES2sDMNTNm8Nwic2CGPR5mXMwc1Vt5,2026-01-16T12:30:25.136828+00:00,,,
717phbxxuKAqVZrff2T8WGfpzsi49CWD3GK7H56Bpump,2026-01-16T12:30:25.136828+00:00,,,
BANKJmvhT8tiJRsBSS1n2HryMBPvT5Ze4HU95DUAmeta,2026-01-16T12:30:25.136828+00:00,1760806818,5gB4NPgFB3MHFHSeKN4sbaY6t9MB8ikCe9HyiKYid4Td,1831681.92
HepD4wEPKbVskesF59nqkpqut3TXErPxJN3QZWKVpump,2026-01-16T12:30:25.136828+00:00,1768489547,744bWSnApUk7yyRDdeMqabVjuoxX4v3cAV9WgWXVzQjF,11242.05
CQkyPcMem1hd5UYvWmrnMY2hPdvoZoLNbbLe2xYipump,2026-01-16T12:30:25.136828+00:00,,,
FShmaTgk8mtAFw39un7ZgmU1TEGztkkawVwZn8Wipump,2026-01-16T12:30:25.136828+00:00,,,
3W98kNkPiqCSYY4Aw2m4QK9KWHFVKHXdUsRLWLG3Qb13,2026-01-16T12:30:25.136828+00:00,,,
4dYjnWy24kSDqUSdRL6caXSpKAeAW7R83G22aPyzpump,2026-01-16T12:30:25.136828+00:00,1768027888,6yLbcLGFZGV9SkA6qtvyLRtRkXRS93Wqt6gbuZy56aET,10017.05
6VeWUFXYFSZgKJ6UF9Fq7titUeUnvJJA8s62Gmdqpump,2026-01-16T12:30:25.136828+00:00,1751478456,GdkvTpboqmcxRDdLbUHt8px5gy9GKiAa9GwN6zpimk1c,49926.7
AeFRsa5NuaGi1VYQAUnBicGA6kRBjb5zuZUcbo886hBH,2026-01-16T12:30:25.136828+00:00,,,
Az25BwnJLXpQhQRWExqbKgyaZpi9UqtNEL7u75q3pump,2026-01-16T12:30:25.136828+00:00,,,
92EEQErRzEv3jR8Tmxi2X3nrt6gQqCA9aqCZgnPQpump,2026-01-16T12:30:25.136828+00:00,1768565075,DrMypkD9SLgsofWYJh1BCvscE5pm6qeBAduakwMvCgp4,20706.99
7iPCoi4vYdinSQ6Uxgg1Ti8bD2kf7YB7gnp3w8PDBAGS,2026-01-16T12:30:25.136828+00:00,,,
8X6SyaSgYdPfmZTc1B7Kc7YytMwUYJVTWXgSxJWMBAGS,2026-01-16T12:30:25.136828+00:00,1754725485,BjoLhkUZKtPMBxEN7Lofn6n4k6vKtm88xSj8V2n1E69u,21817.32
EnS9DYWC5DAv59azGdRnwxDfKFqqFquHonRrHvqYxfun,2026-01-16T12:30:25.136828+00:00,,,
JDpjKFXXvPvsjZNb4dkuTg1aQFB6fwVNbtbPgYCjpump,2026-01-16T12:30:25.136828+00:00,,,
9onWeEW5MQyY4GrURuG16rkEPPppnNLRca74PmDPpump,2026-01-16T12:30:25.136828+00:00,,,
Ey3Tp8Bq1jcr9n1LH1eLKqVxH7waWsuFstG9qtkdpump,2026-01-16T12:30:25.136828+00:00,,,
3TBxpBVreqQLHvTSDGtBgog8mYgnAoMpFcdHyEC8BAGS,2026-01-16T12:30:25.136828+00:00,1768527174,8CPrbP94HU8epKk8bYtPZTfF1XiFQy2rjS3WxuQ7JUrC,31761.44
EyYGmiheLHArHDL4oMwEGkxJXsvnnfUCNXfKJ3vSpump,2026-01-16T12:30:25.136828+00:00,,,
9tMgPm6cS2j9BiQtDcnyyD3i9DnCbqNPc1KwcusKu8Ya,2026-01-16T12:30:25.136828+00:00,,,
FhoXXPUHtnp3xAXMa2QPXi8niFfELvyoCrQHD9Q8pump,2026-01-16T12:30:25.136828+00:00,,,
9phakC3QmSnMWsoSwy9CmMnYEu9JX1TRHFi8hhnApump,2026-01-16T12:30:25.136828+00:00,,,
82P9MvicWYr2R1yeYZLJrbPZB236uMeMBKJ6bLgpBAGS,2026-01-16T12:30:25.136828+00:00,1768297634,E3mQWkHEvM8EmFxmKfqWT8gx5LNpaM7GzLc6ED8UvF5X,13935.37
E3HwooLGDXHDi3FLzTt3NygbzfSBHxy1c3AAMbzDBAGS,2026-01-16T12:30:25.136828+00:00,1768564755,4ujCEfq5D5HxEZtd4PXWKTQ5Vp3svLKLL5QFCUPRQfTB,42025.25
71LtuMTMucqP5GTMjJfFHNPUJEw3xtxb5J7eETqMpump,2026-01-16T12:30:25.136828+00:00,,,
8hMLJqH6u4w4qmwGVTT2VXADTtBa6SatqA5t6Hf2pump,2026-01-16T12:30:25.136828+00:00,,,
C29ebrgYjYoJPMGPnPSGY1q3mMGk4iDSqnQeQQA7moon,2026-01-16T12:30:25.136828+00:00,1745507186,7rQd8FhC1rimV3v9edCRZ6RNFsJN1puXM9UmjaURJRNj,1343348.45
AQbdwpMcWjUKjX3Wd9ypbWMCRkujdadZfJaSQJdrpump,2026-01-16T12:30:25.136828+00:00,,,
DK6bc6VpJ7eQbX8BbbyKPrcbKq2aizzCH2e1KEo3pump,2026-01-16T12:30:25.136828+00:00,1768465221,3vkKQ4MjJwzxCmUXstXzn1mnusgAD49DwzmkF9vo16uM,18540.91
ck3d4btiSkSGcXyVKMaiVxiZQABBvPErVYWmSwnpump,2026-01-16T12:30:25.136828+00:00,,,
8P627JpfUEQzDvjXbCwNQsiyDq51nzWkBtRkKwzpPrVv,2026-01-16T12:30:25.136828+00:00,,,
AMRVrGW1acxsiiCP4kKQtLNLgm9bdTRPU7nM5yGET1EM,2026-01-16T12:30:25.136828+00:00,,,
4HrbFDAs9dvdgptHWWYopCQRiejbYUDZr2Zw9YRYpump,2026-01-16T12:30:25.136828+00:00,,,
Dz9mQ9NzkBcCsuGPFJ3r1bS4wgqKMHBPiVuniW8Mbonk,2026-01-16T12:30:25.136828+00:00,1746911036,8ztFxjFPfVUtEf4SLSapcFj8GW2dxyUA9no2bLPq7H7V,1344859.41
5bpj3W9zC2Y5Zn2jDBcYVscGnCBUN5RD7152cfL9pump,2026-01-16T12:30:25.136828+00:00,,,
DCgZjb2LN5r9Ck5VZAATh8x3sTUHyTzEguThGqh1pump,2026-01-16T12:30:25.136828+00:00,1768439754,AfUwrBaEyT43U65mbdA75kfgY67Bd3pjNEhaowd7qBrN,82107.45
5tgsNMJ6VoB2MPZk7WQN1H4N2h8dm5ZBEsf9MFe6Nizx,2026-01-16T12:30:25.136828+00:00,,,
BovangPQaKTRBw5QknhTpKaGfgWe85L2HnJeENLypump,2026-01-16T12:30:25.136828+00:00,,,
B5URVgawrGCBqM3Fs95MQWDiHuLyaWeiZiqUsqx3pump,2026-01-16T12:30:25.136828+00:00,,,
4DUxpmxmr9oHE9uLbvVk5YdPuiGhu4EHihrhkvH21HmJ,2026-01-16T12:30:25.136828+00:00,,,
5xTcgyqCRcCY21vV1U3dLTNBBEY6uFaDdcES75sJpump,2026-01-16T12:30:25.136828+00:00,,,
9xbMEqyA5GzVGUM5pJHstdufPuWYx2cim3TrUvafbonk,2026-01-16T12:30:25.136828+00:00,,,
75RRXWVJC6e1ZvpMZUZLaDWx2iBn55EP7Vaz6wHcpump,2026-01-16T12:30:25.136828+00:00,,,
4HBQm2EhdpUWZkTYxttxNDnsoWi5beRAGWHpjVo8pump,2026-01-16T12:30:25.136828+00:00,1758073741,Dq2b84TzQemLLPVz3FCAwntp1izpoVMp5auFkw3YS892,433622.56
B7KLfqPQP4tzymbUqnAU3bJF1JKTMgH643HxMo9j2F3W,2026-01-16T12:30:25.136828+00:00,,,
Hq5BEZnhGGi2P7yJ668euDP9pAdxNhdGzdtmgmZvpump,2026-01-16T12:30:25.136828+00:00,,,
Cxnbohnqgqa5yzsdaFD7D2NtQ5zcpCCwmhq1sENKpump,2026-01-16T12:30:25.136828+00:00,,,
2zMMhcVQEXDtdE6vsFS7S7D5oUodfJHE8vd1gnBouauv,2026-01-16T12:30:25.136828+00:00,1734440402,A3N64gxHQL8b2cQ75JM3nVqoRFYWmntaEUFfDmhYe1Nv,132774.92
2b1kV6DkPAnxd5ixfnxCpjxmKwqjjaYmCZfHsFu24GXo,2026-01-16T12:30:25.136828+00:00,1739746605,9tXiuRRw7kbejLhZXtxDxYs2REe43uH2e7k1kocgdM9B,30582631.41
3Fc12eM6zm5a7oDQwAahUhkzFipRb1PyJfHvnJNp8FQY,2026-01-16T12:30:25.136828+00:00,,,
FazQfzKZNsojBTJF9wHao9e9cuEr74f2scJ7pXgHpump,2026-01-16T12:30:25.136828+00:00,,,
5TfqNKZbn9AnNtzq8bbkyhKgcPGTfNDc9wNzFrTBpump,2026-01-16T12:30:25.136828+00:00,1759428427,GdFCD7L8x1GiudFz1wthNHEb352k3Ni37rSwtJgMgLpT,196088.7
7dBcWRYHZPckdUytVkZCQMRm1dYCzqZji6dus7Hupump,2026-01-16T12:30:25.136828+00:00,,,
5CqPmusxCpM8UfnW2vWcE91rG4RdZSC8GQY1znMwpump,2026-01-16T12:30:25.136828+00:00,,,
HCzpqJ8yHLpNTftyQYHcn5puXztWKHghVxcdBqQfpump,2026-01-16T12:30:25.136828+00:00,,,
CoYbmxYqpwQ8Nx3k3ChN2Mq8SSsbGNKk36aDtw7Ppump,2026-01-16T12:30:25.136828+00:00,,,
HKrFQfvCvQfZkX9ygm3rReAWZXJuKBmSYc2aSCZ3pump,2026-01-16T12:30:25.136828+00:00,,,
5AV1wkuChKfz7cJAS4f41kvs7NwNPER1gtCPwttEBAGS,2026-01-16T12:30:25.136828+00:00,1768563892,3BMzssDo9B8t8tSjDHrM9KuZvENhz5svt34qaFbzUEv1,14362.04
9XzKDJ9wP9yqi9G5okp9UFNxFuhqyk5GNyUnnBaRBAGS,2026-01-16T12:30:25.136828+00:00,1768553147,2SgfvhkAgjrYekt1gcZEESUqxZ3NJNhoS6K6No93zLe2,27941.18
8XtRWb4uAAJFMP4QQhoYYCWR6XXb7ybcCdiqPwz9s5WS,2026-01-16T12:30:25.136828+00:00,,,
8S4uv6hcN8c17CyyBfceyGiyKPKtKvwrxPMptbiCpump,2026-01-16T12:30:25.136828+00:00,1768221668,uKfJ5FchuUJddGfTbFGe7R9QHw3h9rqPkV8YR6UBqwr,20813.67
ArWjpBgPFFDe73jZWrpJkj4iz7azdYkbi52PJBBepump,2026-01-16T12:30:25.136828+00:00,,,
4eNeQ5cGfHEs6n1DxnnJ6xTCQ2K4FL65DBraQdkypump,2026-01-16T12:30:25.136828+00:00,1768555833,FnQyKjPe5KPnJ3xVfvurQNMC2obs9dBXCNQKY5MTKfC5,12793.61
CSrwNk6B1DwWCHRMsaoDVUfD5bBMQCJPY72ZG3Nnpump,2026-01-16T12:30:25.136828+00:00,1764588851,8wXzwpLjk6QJMYYC1VHueNnxRVW2nFGvQjgEnV4Mv8sY,128688.76
99ouK5YUK3JPGCPX9joNtHsMU7NPpU7w91JN4kdQ97po,2026-01-16T12:30:25.136828+00:00,,,
dog1viwbb2vWDpER5FrJ4YFG6gq6XuyFohUe9TXN65u,2026-01-16T12:30:25.136828+00:00,,,
A8C3xuqscfmyLrte3VmTqrAq8kgMASius9AFNANwpump,2026-01-16T12:30:25.136828+00:00,,,
GMvCfcZg8YvkkQmwDaAzCtHDrrEtgE74nQpQ7xNabonk,2026-01-16T12:30:25.136828+00:00,1758161602,Gi3959wDyHbQfs612ztsh3GWw8LYHhW4fx5YSJzbihy6,170499.39
KMNo3nJsBXfcpJTVhZcXLW7RmTwTt4GVFE7suUBo9sS,2026-01-16T12:30:25.136828+00:00,1714453338,5E2cHo3DQnRjB3zWHKUs86RPqCeLboMgKV9WjxFwUjhV,214128.86
9BB6NFEcjBCtnNLFko2FqVQBq8HHM13kCyYcdQbgpump,2026-01-16T12:30:25.136828+00:00,1731008159,C9U2Ksk6KKWvLEeo5yUQ7Xu46X7NzeBJtd9PBfuXaUSM,1817872.08
6maAAeSMYeTZkDm6a19T8utBf6ZKt6NZ31WnXXitpump,2026-01-16T12:30:25.136828+00:00,1768535204,433oweYSQW5hRgGtVpH16VUyLiLN5WcpqhLuuEeXCUts,18475.94
3LfJyFu8qbHSospLZu1LQju36EhjqTe75Mx63HU5pump,2026-01-16T12:30:25.136828+00:00,,,
B5ppFdAM3vjjxnMVcw4av6bsqqrYogue8oU5Xf2FSz5n,2026-01-16T12:30:25.136828+00:00,,,
Frb19EyJFno8Wdp621aMhA5d9b5y9mtVW4pWcwBbpump,2026-01-16T12:30:25.136828+00:00,1768480582,BD9fn1nxxgZpsPmy1e4Uth7aYpvaL3JS6sWPCjWfYJmY,14124.73
orcaEKTdK7LKz57vaAYr9QeNsVEPfiu6QeMU1kektZE,2026-01-16T12:30:25.136828+00:00,1669602431,2p7nYbtPBgtmY69NsE8DAW6szpRJn7tQvDnqvoEWQvjY,790907.35
FcnrZ2WB6ZdNxD4RMvJKGiG5SJmSUZH8DQDQbChwpump,2026-01-16T12:30:25.136828+00:00,1768536461,9Zhdo9LnibZR1YCZ997MjTiDHJFpXEzJN4M6QoZYYWPD,39161.82
4ZWbQNXLvEx7tD97Xit3aZ1onweCM3xQrCAeLCPcbonk,2026-01-16T12:30:25.136828+00:00,,,
5E8RdDo7tp6HkvqiH2uwQ3jUfMhMR3Q4MJZ5i8Dxpump,2026-01-16T12:30:25.136828+00:00,,,
85ymfLLfeyYA9wV1PorpLBW1pprWfPgnm3cMEx5ppump,2026-01-16T12:30:25.136828+00:00,1767483671,HrB22pZE3CEbKpdWuBvjFYyMX4cjam8xbkHo5hocspUD,18046.64
31k88G5Mq7ptbRDf3AM13HAq6wRQHXHikR8hik7wPygk,2026-01-16T12:30:25.136828+00:00,1676008091,9vNKzrrHAjqjuTGLjCBo9Ai4edMYgP9dsG4tFZ2hF251,120650.16
CoL9vcYpbR2aGzkdSKZE3vwQnsgG8ZS7eqoZqqzPBAGS,2026-01-16T12:30:25.136828+00:00,1765968066,4Auh29YAJrqpApBQKfuUgvmBM3TZJ7WpiSdH51qzb56k,9627.51
FnMpQuD5qTVwt2XNXfH12aLW2hvpbW5Qv7rgYrTZfwip,2026-01-16T12:30:25.136828+00:00,,,
5CNuTzWXwiJdzrum1zqtAR5EKZbWVWjG5Ysr22MVpump,2026-01-16T12:30:25.136828+00:00,,,
B5WTLaRwaUQpKk7ir1wniNB6m5o8GgMrimhKMYan2R6B,2026-01-16T12:30:25.136828+00:00,,,
E5yVMELpe7iCECtYwbmC3cVwqVy76r7WtRQsdGGYpump,2026-01-16T12:30:25.136828+00:00,,,
FKyYgifDspKqHH5kF6D5zBxHdXPnxHMH1TJKqh31pump,2026-01-16T12:30:25.136828+00:00,1768527193,8hRq66ShPJcT6K4Yu7yuuxUVSjSq88oegKy3DVN4bDNy,6481.01
3z2tRjNuQjoq6UDcw4zyEPD1Eb5KXMPYb4GWFzVT1DPg,2026-01-16T12:30:25.136828+00:00,,,
3MU7YsNZRb5e2QkSph7Uv5WNFWZhvdYBBVKXnLMBpump,2026-01-16T12:30:25.136828+00:00,,,
5nQh1PPrscD8T1TibuanfxrUyiXYpN5iVciTPoMBpump,2026-01-16T12:30:25.136828+00:00,,,
FT4REqUJjDjbqg5bZRhmWqe1CLEQWqp4VVSpteX6pump,2026-01-16T12:30:25.136828+00:00,,,
6PMuLSPRz9ae2xPDn5Dc3zH3kDtmE7tTyL8XQKmEbonk,2026-01-16T12:30:25.136828+00:00,1768142289,9Msjksw49huWBYGC28kw2jaJeS86CREYXR4Xp3b3wuDK,11313.97
7JwLLcQtz4ogroetrsg322vMThctv7u9eyWx2ngCpump,2026-01-16T12:30:25.136828+00:00,,,
Ej47F4UxHb78mWaHRtLGuFGRvAmR4sXjEHeZvZbWNn53,2026-01-16T12:30:25.136828+00:00,,,
68VbctPRJfG71hxdTtiP3b2SPLG5a3zCsJ6vAWtcpump,2026-01-16T12:30:25.136828+00:00,,,
7w8k9gDUxJfG8PCGgR4UC7QJmmn6TPyQ68FDu5z97gK3,2026-01-16T12:30:25.136828+00:00,,,
EwEJ5R1im54MowvsGwYUkyfWRMV1qcRL21PumVd4pump,2026-01-16T12:30:25.136828+00:00,1755735234,5N8zSoQhwHsvJvn8bkLkJDxxTp5F5jAh9iGG8BDMMmsB,152849.38
81JiKZSP1nrJTEVbSMhHdd89jrLzsCgcrMvFyUkdBAGS,2026-01-16T12:30:25.136828+00:00,,,
7cyAGa4XsNDnSgnFuwmVFgp9JGqZoZYkiVyFPSke9CuP,2026-01-16T12:30:25.136828+00:00,,,
8ySF9ULHxmofQHzmpxfkGjVMquS6DmTYBMVEKGYzpump,2026-01-16T12:30:25.136828+00:00,1768480603,5gHWM8TNr1eVACxDZcUMydCa6yaqTb9aqjWyE4kTMXBx,5530.42
8gHPxqgHj6JQ2sQtMSghQYVN5qRP8wm5T6HNejuwpump,2026-01-16T12:30:25.136828+00:00,1750859833,BuX9TN5doE5hCqpcmqMKYkidXC8zgBK5wHHKujdaAbiQ,178382.12
A6My2f1rwcjevEgHGsr9jv3wtp5oiDyehhMKdzwqdbjm,2026-01-16T12:30:25.136828+00:00,,,
FeR8VBqNRSUD5NtXAj2n3j1dAHkZHfyDktKuLXD4pump,2026-01-16T12:30:25.136828+00:00,1738195753,HrNE8CpBBPyawPR8PvMDz7XWrbAsiDGSGA23iKAeFqg,102760.04
5qfMrRF1Jb5Jsx1Lx8SmimHd1oppFa1kHWzVZjhzpump,2026-01-16T12:30:25.136828+00:00,,,
HzpCDgcFAokC32QfxDpAibgUJk3SWy9usd5xhX5Apump,2026-01-16T12:30:25.136828+00:00,,,
P15QNF5nDK1KeX5gm8YdeuJb1pvJbToJBffoFetpump,2026-01-16T12:30:25.136828+00:00,,,
3mRdAwMrgikR5Qnn2TLwjfZzcNfBA2tvv2nv4GhDpump,2026-01-16T12:30:25.136828+00:00,,,
C4RCJYsszQCtmMC7RH8avGsnLN8EiqAvtLK5HJWzXuEr,2026-01-16T12:30:25.136828+00:00,,,
EKpQGSJtjMFqKZ9KQanSqYXRcF8fBopzLHYxdM65zcjm,2026-01-16T12:30:25.136828+00:00,1716065147,D6NdKrKNQPmRZCCnG1GqXtF7MMoHB7qR6GU5TkG59Qz1,275337.69
2eEZeGD4BhNi21mzVzjKEoTqWyQDa3kBsskbsjvkpump,2026-01-16T12:30:25.136828+00:00,1768493256,Fk3Qxi2awcckibaVXUDn42Ju4C7LcVKPpHQQy3SyZ2Vn,9000.65
DkD74DP4ZSsfZn4ZbREsHCR9pLQKncQvyssdYYBxpump,2026-01-16T12:30:25.136828+00:00,,,
GSoDifggUzyx4BTG6u5fAzgke1WP384z72Q1PX5Tpump,2026-01-16T12:30:25.136828+00:00,1765993090,Ha1i7do8AxaoPhAGpQUTCVrVUFPJ9rmbzA9wEK7u3r29,10183.0
3pA668WX5vNjQMw2KdHJ8RpZceG6gEfXWtRvGChjbSnz,2026-01-16T12:30:25.136828+00:00,,,
3pVdPjEemBKNTXMMEHv2rV7d9YBkPhhQoBr4As3BLh6Q,2026-01-16T12:30:25.136828+00:00,,,
CwpGFjpqywMTF7trcR2xs8mDZdRTt51oqJKoZnTio8b,2026-01-16T12:30:25.136828+00:00,,,
EerLG2kc9MVyEkozg6zZ4UL2Hhaana2Q6Vt7fzuFpump,2026-01-16T12:30:25.136828+00:00,,,
HNg5PYJmtqcmzXrv6S9zP1CDKk5BgDuyFBxbvNApump,2026-01-16T12:30:25.136828+00:00,1732913073,5q2Rgtc88RddcK2dMHQ5rGd926U3M3qtmdjgEVfFen3o,39662.06
BGGFZLb29NZSqDz5T6K5Bj5VcwWM7YJc1XAKS8oSBAGS,2026-01-16T12:30:25.136828+00:00,1767924079,3aue63Ja4f8RoPWWDcgbZAL9E2TPR1LASt5LXYu3sisf,178005.03
Aevc5e5QEPuGq15JA4UWX3kk398s1chm34AY7JfLpump,2026-01-16T12:30:25.136828+00:00,,,
JXzjD2qoKbm1HLbGXhu1XfMryadKu4RRrPBsCxBbonk,2026-01-16T12:30:25.136828+00:00,,,
4a3EMFw6Gxf4sAwXJF6Z8AcW4QdFQEG9Ynxv2smMskJE,2026-01-16T12:30:25.136828+00:00,,,
8WpS3RdeFGeCL1ExrTFMyTFpC9vDmYQSPzDHjAMmpump,2026-01-16T12:30:25.136828+00:00,,,
42dncWwtJeaG7teyppHTkFRPFXLNCE2THSqjfTnipump,2026-01-16T12:30:25.136828+00:00,,,
Cdsn2LVwjipUHMT2mjvTPfc7ySKFvsF7FWbCUvBYj2q7,2026-01-16T12:30:25.136828+00:00,,,
4L9FtxiTfU5FAiSmG5PP1QdndZxf6xf2pCGHPv5PvHFB,2026-01-16T12:30:25.136828+00:00,,,
6Buk7uWwr76DESh8RvQ5fukfgJS2i6kPgXBm6hm7bonk,2026-01-16T12:30:25.136828+00:00,,,
WqXwseAkCrNYgc8aGtHnk2MgCiEX2fs42tA7pRisrbQ,2026-01-16T12:30:25.136828+00:00,,,
9555FXnQYhwgQRdFxLoXoAQZYqKxkK8Vd7yj8di5pump,2026-01-16T12:30:25.136828+00:00,,,
5KyPJDS8zjNJT8mE5juWVzZLHM9pwTGAGnynYonHbonk,2026-01-16T12:30:25.136828+00:00,,,
AfsPxLpgJZBpm6vLgBwBi8F8izuJ9kPVCqDwxWyTbonk,2026-01-16T12:30:25.136828+00:00,,,
DAAXmRU9KUEuyqF8VuddbcL5X4QhQ3tTDMYxDbNgpump,2026-01-16T12:30:25.136828+00:00,1768413663,5aS1BeY8dMUwjXkMjjG217hwR7etgXCkyc9pBiUr5GUK,62034.71
99iF31ZY3kXyxxy8yHUfcSy97t8N9DuY7aG1UoHXBAGS,2026-01-16T12:30:25.136828+00:00,,,
8y3aLa4RRTWEMSokXdBR4wqedL65NxYSodrh2NssBAGS,2026-01-16T12:30:25.136828+00:00,1768541734,87ymWJWhJ1cchmgMc166YT8V4ySdT5jvoLKHeF6Ts9x5,50325.98
DcKdxkQNgAGE2JMephhjBpg8eNEEeCT23iBnuLDDasQu,2026-01-16T12:30:25.136828+00:00,,,
Fz26LViE4cFJAhghdr4eU7iYLvE9PNniWem9J17kpump,2026-01-16T12:30:25.136828+00:00,,,
G85CQEBqwsoe3qkb5oXXpdZFh7uhYXhDRsQAM4aJuBLV,2026-01-16T12:30:25.136828+00:00,1753119375,A23Xq4nV8hwjG6aUR61nYb5Kvgt3DgbVKeVbdiiW8ZWH,281555.58
6FbqbU76R5mNEppNAwL1CMGEvPZuosedTyDpGQfPpump,2026-01-16T12:30:25.136828+00:00,,,
GtDZKAqvMZMnti46ZewMiXCa4oXF4bZxwQPoKzXPFxZn,2026-01-16T12:30:25.136828+00:00,,,
6LDHK5uU1not9rek7gWsPK9HyCe98HyuMh3B4dhry1bb,2026-01-16T12:30:25.136828+00:00,,,
BftUiGB2iDkNDa8AKdhtLuJHHXiUfqLvTNmiXaSopump,2026-01-16T12:30:25.136828+00:00,,,
D1tYP2imC1rojzQvtnUP1reE5sf1ZHprU5mqXgEnpump,2026-01-16T12:30:25.136828+00:00,,,
AwnQ3nFfvCT1Dm1bscVSJM8oFs2Jvn146SwSAHGDpump,2026-01-16T12:30:25.136828+00:00,,,
GAjvGwTZok2HHSUPi87EN6hCv1TeQMjokbru1y7Wpump,2026-01-16T12:30:25.136828+00:00,1765903929,HrMWHfWptSEnA5SKN9ECPRdq4FCdZoWsLytWYKupfMhB,41611.57
CDhJprz3fuyq6TgWvCSBgiojmLm6CCd54txhpJwVpump,2026-01-16T12:30:25.136828+00:00,,,
8pgpJDYuojYXvb8KE4Hv7DCty12FrkqpKChgfHzspump,2026-01-16T12:30:25.136828+00:00,1767857875,26QyLsMG4pcCsBDSEkCXfb8HEbrcmrxEprVYmgqNp9gf,64773.59
H2yHLoC24dM5v1Vjh2Poqx7fZ9mp8EfR2MYseXScpump,2026-01-16T12:30:25.136828+00:00,1765326448,9shHp1YwJQ2Jb4dUp2upv96txAyCbdjKCssqD8THQhxt,104393.39
5zij2xSeh3NTtLGPXCayXhHvzkxj3in4dQxCfCtGpump,2026-01-16T12:30:25.136828+00:00,,,
Dfh5DzRgSvvCFDoYc2ciTkMrbDfRKybA4SoFbPmApump,2026-01-16T12:30:25.136828+00:00,1731230658,B5gPU6Z5SpKkDMACqEJWrQfKiCSJMCY2AytxHze9kYZr,13630.11
F5AfAX541CeVxLLBwVfH54VUgP5oAqpEeCDHpu4LcZe8,2026-01-16T12:30:25.136828+00:00,,,
AThPaR9puoU5z5FrLm5kMKaDsDHgu6efHqtHS2P6p7Rd,2026-01-16T12:30:25.136828+00:00,,,
USoRyaQjch6E18nCdDvWoRgTo6osQs9MUd8JXEsspWR,2026-01-16T12:30:25.136828+00:00,1767912574,ECuy1H7P9hoa4BMQzppDhox64quS8MsfucnTQtNWjsRb,362616.28
4xheMKioBhBHpbQ3Sw2zpL9gxbiJyP76EWTStERqpump,2026-01-16T12:30:25.136828+00:00,,,
2q8Y8rubbsaaA3faq8Ytsk382JXgtKdn23qjNXhSpump,2026-01-16T12:30:25.136828+00:00,,,
5D29YYQYo8ezT65M5MhyA4tDT291V7HSKf1WD5dipump,2026-01-16T12:30:25.136828+00:00,,,
jk1T35eWK41MBMM8AWoYVaNbjHEEQzMDetTsfnqpump,2026-01-16T12:30:25.136828+00:00,1767043946,CcYbXbMHr2o9Vyz2wmJcRvi59wh42xkXf6qrzChbHPN5,670385.31
7hWcHohzwtLddDUG81H2PkWq6KEkMtSDNkYXsso18Fy3,2026-01-16T12:30:25.136828+00:00,,,
DTns7QFmSEapvjB1fuwq3ZuECRcVQSze1Uk8wMGkpump,2026-01-16T12:30:25.136828+00:00,,,
ErgXc1726icCX3zmBj3zAbuhDhzVfqLuw2TD6m4Pbonk,2026-01-16T12:30:25.136828+00:00,,,
Gw4LqzdfnDZGbQ55HWzoBV5ze3R58kqSH9ffnkwxpump,2026-01-16T12:30:25.136828+00:00,,,
9Uxms62R74DsqSaVfi5f9vDWe7dKq4EPPVWZ4cP1XmYA,2026-01-16T12:30:25.136828+00:00,,,
AgYVbX4CueNVrBAXZh84DoFQtZhG6wpi3JgXHyCKpump,2026-01-16T12:30:25.136828+00:00,,,
EbnJEKWPziNqFpN3Dvc4oohcrkqqm2uEkAyL78Wjpump,2026-01-16T12:30:25.136828+00:00,,,
9C2rX3LNPyHvS9yfcP88CejF5fdAm1NTFb7gMr5Kpump,2026-01-16T12:30:25.136828+00:00,,,
CjzfWKM6deR2ip5q8wok8mvqPrjkF2JvbUdcy3V3moon,2026-01-16T12:30:25.136828+00:00,,,
5DWEvabuhzMqEqYwPyqVBCGyGqRDDs78KoyrXWkw423z,2026-01-16T12:30:25.136828+00:00,,,
5Cxx1ZcBnSw2s6tYEk67JZY765Ec1RQ41nX2oSHymRt,2026-01-16T12:30:25.136828+00:00,,,
7xKXtg2CW87d97TXJSDpbD5jBkheTqA83TZRuJosgAsU,2026-01-16T12:30:25.136828+00:00,1669603374,Epvp7qMYAF21VVjacdB3VfKn6nnXQSF4rGYu8sD6Bkow,138543.62
DYxDgb3CvtKFDJ6oaPUECxenYT9jMM9pwEf9fD7jpump,2026-01-16T12:30:25.136828+00:00,,,
95TsJT5mxWA9fyijvZ3xjbzvKfTBSuRJnkBG7urtBAGS,2026-01-16T12:30:25.136828+00:00,,,
2aUREQDWyfMz77bWRo4J3zML4wP1nUZKLbL6vbn6rBpo,2026-01-16T12:30:25.136828+00:00,,,
4JHuhYHBjq3teCqpdHJcYsGaowH9zUSrFvaH36neQ2PR,2026-01-16T12:30:25.136828+00:00,,,
C5QQy6esz8NWxigdnzAKB2n6ByYNDfR8Dsn7GYs7pump,2026-01-16T12:30:25.136828+00:00,,,
CdwP39gERizZf9PwroRfHG9qcatUJEBaf4m2mRYwBAGS,2026-01-16T12:30:25.136828+00:00,,,
856M1XcQ1Wo5tSMy8W3zEeGddMtHwkcM2GTaRDZmsLZZ,2026-01-16T12:30:25.136828+00:00,,,
8C2X6654vNfKirsD5GvYyByaZFb6Xf2cAnKQvNSDg1vE,2026-01-16T12:30:25.136828+00:00,,,
5Qap5HaZ4wevEoAZpaCNbomByrFaYQkRLzKYLXhxbonk,2026-01-16T12:30:25.136828+00:00,,,
3hAQddKZW5tRFiNGEsJGD2ZYRLoVrE2ro5o8XKJCBAGS,2026-01-16T12:30:25.136828+00:00,1768497455,HdrqRcYF9wsZ4RijxvCRgTVg8DuEkr5J7y9E79xzJwSU,29467.64
BCXpjsHYmgVpRKdv4EQv1RARhYagnnwPkJjYbvM6bonk,2026-01-16T12:30:25.136828+00:00,1764378418,81sLpPwoPx6Bn8nKsvMvEJA2AGSuySFikdZuvgc5aE6i,158467.98
2TsmuYUrsctE57VLckZBYEEzdokUF8j8e1GavekWBAGS,2026-01-16T12:30:25.136828+00:00,1767686389,6MzFAkWnac6GSK1EdFX93dZeukGfzrFq4UHWarhGSQyd,245190.74
8wuk3MiS1Lu9FY7ru61wM19j5mZHzK1xyeBfM6pEeXS3,2026-01-16T12:30:25.136828+00:00,,,
2B7cuye3QhmKNs2FsQSKLL8NUFutos9wiYxeCdR7Wqde,2026-01-16T12:30:25.136828+00:00,,,
3jUf2RTyXp867piSB2dt8uUcNiLDW58asjGtXkRAkBbe,2026-01-16T12:30:25.136828+00:00,1752149877,6iCgjaaCTQqsfBp1tPuFCZbLobWEn6m2sKaYJRxYVrDR,589596.79
GRkAQsphKwc5PPMmi2bLT2aG9opmnHqJPN7spmjLpump,2026-01-16T12:30:25.136828+00:00,,,
3yTYaxgwe8sk2XKNV4D2TEeM1FhBM4jrZ8XeB3t8pump,2026-01-16T12:30:25.136828+00:00,,,
4iGd6AiJMJ2MNmeJNfviYWYuGadeNugDVWhusLyMbonk,2026-01-16T12:30:25.136828+00:00,,,
GhSVmUJnUsbUceovK69qQytnmfCPx6XKkemqQ683pump,2026-01-16T12:30:25.136828+00:00,,,
9x47NW5uQoCwcNTYuhYbxYQ3QNXCG1VkXVA1Rtgypump,2026-01-16T12:30:25.136828+00:00,,,
5yLVCZFVNAKnDP7xURTSt4uKp4P1sZBvD6MZR4hfpump,2026-01-16T12:30:25.136828+00:00,,,
DTagNVCpYBgvmo6QgZ5dD1CR2FpodoiNT3tor6KDpump,2026-01-16T12:30:25.136828+00:00,,,
2ouNdxgqV7cYprK8EEhhreafYREiRLMUzvdnujY9FUas,2026-01-16T12:30:25.136828+00:00,,,
zGh48JtNHVBb5evgoZLXwgPD2Qu4MhkWdJLGDAupump,2026-01-16T12:30:25.136828+00:00,,,
E6mivXRSzqbbRUknJYE5oSCncLPTxtqerK4T3H3JLPoG,2026-01-16T12:30:25.136828+00:00,,,
5ZtxymUCaCGLPCmFwNHGXquYWCNGQ31bq9iMKFwipump,2026-01-16T12:30:25.136828+00:00,1766103130,3k4yDQpv9HRDzAgbLbjyoaVf4VXtcxYsFu8Kx4qPGj2g,15546.38
Egtoetiw3pKRNSzwgXZRWgMCbUSZmb2qPVwP2w8BoAzw,2026-01-16T12:30:25.136828+00:00,,,
4tfzms9ht6pbNLT5jpUHjGMPNVmCw2iwWngcLuvfxfun,2026-01-16T12:30:25.136828+00:00,,,
82MmG1uH2BWLyoU7VCFYMohP9CT63q5paiKHAAAn3zWx,2026-01-16T12:30:25.136828+00:00,,,
BdXDe4WHA99wmxnthLCg5Lny3vGhjtAg3Zb5JDDobonk,2026-01-16T12:30:25.136828+00:00,,,
7fKH8P8Wr4nDTUeNYMkEkDoiP8UkB8hZ6b2FJjRpump,2026-01-16T12:30:25.136828+00:00,,,
Fqm1ekbwMYXzAexinhRX6VDk7UcXqMsPiCRmCt2Cpump,2026-01-16T12:30:25.136828+00:00,,,
9EdYm43yM3DjLHfry7KnjnTihuabZHEdkoQehjoQpump,2026-01-16T12:30:25.136828+00:00,,,
3eA2c2JQvCHzURgdYKdXfXa5eewfxPubc5vDJoxZ1KY4,2026-01-16T12:30:25.136828+00:00,,,
13nRB3v5FP38CuPPRiaWLBXaURmGqP5P5TD8g28xpump,2026-01-16T12:30:25.136828+00:00,,,
ACeWC77UeW2DBZMe7YBsuXoxLvk4dHMnPzneApau1Au6,2026-01-16T12:30:25.136828+00:00,,,
2rsLvu4BPN78WbAsaRXennmemATLcc8W8dBEGkVapump,2026-01-16T12:30:25.136828+00:00,,,
nwFmaZqHvnXkwA9y8cPD6NMBtmZf4vJLuHTNfUVpump,2026-01-16T12:30:25.136828+00:00,,,
36btyYtN3vk3BSCPC2Bcj9U1xpmVKRRHuGKJ1c1hpump,2026-01-16T12:30:25.136828+00:00,,,
B8zL59P2a5hLXorr6tNcUtG56kvpSAMZVyPd3PFTBAGS,2026-01-16T12:30:25.136828+00:00,,,
2xs4we8XT2cwRRGuejf8puhWu52sDpGPeAv9aqPNKhcM,2026-01-16T12:30:25.136828+00:00,,,
CDNubqZrgnSyraAuEE6BTHsMYj91YMxMsanSy8f1fh2F,2026-01-16T12:30:25.136828+00:00,1755019612,BKNq9nytLWqKCNYccauZvq2Z9z7frJ6V6PWdAh1Ki3ad,23455.88
A8q5UhLpDgZkLvQmVXxDaGVYLAEs6mboSqWyvpimBAGS,2026-01-16T12:30:25.136828+00:00,1768549273,HLpAEbXcgSb8MVcsRFs2HQbtXVw9ZLEkGBiwQ9GGo2e5,51081.24
3PJeXJBwnRT6zVnDjwwU6WrvMvkBzYUq7hFgBCYMpump,2026-01-16T12:30:25.136828+00:00,,,
684A5ENGxpruVYhDA2hJaCfL3puw22UcYpMKW4Smpump,2026-01-16T12:30:25.136828+00:00,,,
7jLqfjbFaDEaHBsWipwh3qoGCdpjxsXJeDNbY4vCpump,2026-01-16T12:30:25.136828+00:00,,,
CGXv23X3RPcMiNprC7YzZHAfr9aU2jBGxy1iHrTnpump,2026-01-16T12:30:25.136828+00:00,,,
HyEB36YCUpSWyi6eA1jcF4LVKCRk3yseRhHjnfRwpump,2026-01-16T12:30:25.136828+00:00,,,
9SRc8AxgFXhm2jFN6Nzpd8SKvswbWRsApxiYFNshBAGS,2026-01-16T12:30:25.136828+00:00,1768564992,3if3sgFUY7ToHdK13AS8bToUkFBaMmuZdn5TBAvWhftA,28188.91
4Uf883orBx89VQZiV4EoRpNqUWYN5ZuEvC4PCpQ9moon,2026-01-16T12:30:25.136828+00:00,1746687242,4zEnTv87pNewgKVcGr6gGaumxzV3xMCPghA927nkaNtu,632430.04
C95AYvxDH9WnNfTq5mvWTfTVrd2TWjB1vE5NWGoCpump,2026-01-16T12:30:25.136828+00:00,,,
6Jc7JsWnjLMvpwJ1yaRacH75v91LnAjhpLkJ8FdQ35i7,2026-01-16T12:30:25.136828+00:00,,,
AxKTVfFkWFvhMTpwFSE9vUg6wKZoPDcW1XdtkfKpump,2026-01-16T12:30:25.136828+00:00,1768565146,8bcYiK7aGZW2CVcuv2AqRQc7z99JhXf5Do5j25GBTPQU,38309.87
HFX7HUQUYQ6iUD1PCb8QongZLr2GvNPWqHHH2idipump,2026-01-16T12:30:25.136828+00:00,,,
7ZCm8WBN9aLa3o47SoYctU6iLdj7wkGG5SV2hE5CgtD5,2026-01-16T12:30:25.136828+00:00,,,
12EiA9CgD2qLrkMypJLUkTpXMXdiAy1FVz8Q61qopump,2026-01-16T12:30:25.136828+00:00,,,
HuvMnDb8zz8jAXgmV5AWKntwsDzS873JqMtZiYv1pump,2026-01-16T12:30:25.136828+00:00,,,
8mrtsXzoejQ9kVwk9C7WsuzEJq8Qjb6Ts9Gt4YTuBAGS,2026-01-16T12:30:25.136828+00:00,,,
7SqLLuFbGNjZkrLZmpCBp6JRZtueVvnMtkfpJfx1pump,2026-01-16T12:30:25.136828+00:00,,,
9adkPrArYF2xYWZhqXZqZ3GwV5b1RGqHTroFCg7Npump,2026-01-16T12:30:25.136828+00:00,1768459099,4SyxMSXLSg7oLcSGQunAonknWPym1XsGv6p2fYqDyUFb,25609.08
DF1pHt29XfArboSZdePVa3mw8LHEWRL3MvdBpSQybonk,2026-01-16T12:30:25.136828+00:00,,,
4ZURM9ibHsqPjEcpWfDJoV55CNtMnARcjaPD6EjunjYH,2026-01-16T12:30:25.136828+00:00,,,
4SDfM29FFTmQDGKBHtThh9oYhdRcwPSTqYVgJ6EtyLSD,2026-01-16T12:30:25.136828+00:00,1767895168,EpSw4yeryiZw9LFC6M3HNVGGnKHptrr1MKkCoMeGHZ4y,236654.65
6WHofC25BWyV8jVh5ZK8AwbiBpTg284chWX9UW5QK7B1,2026-01-16T12:30:25.136828+00:00,,,
BfBPZtAyb5qnmssbwN2EWtPnheV6FxAthe1xjHFPCk3s,2026-01-16T12:30:25.136828+00:00,,,
J4rz53kcMCR7JxxXfwrdC6PjtkUaXWTPDgjpvTy8pump,2026-01-16T12:30:25.136828+00:00,,,
77Wu5kEueZncjCgcPJ4Wo77bRmxRkVdYLUqmMyF3pump,2026-01-16T12:30:25.136828+00:00,1768563211,kXxNVGWpJp2KPeyCJVwiFiX56cLuN8XmuZ9cmuan78b,20724.66
2Ti3KMBHuugQ1PHA2wD4ZhgaMLTuG5N5nXm7KMaQpump,2026-01-16T12:30:25.136828+00:00,,,
4XM5NLrtwUDFnmhXDp7xWPQYryBz6xmoZ5sEFc7wBAGS,2026-01-16T12:30:25.136828+00:00,,,
GcbBU9phXen93bdFGVdujTprrKLvszcbfLDmq9TDEBMB,2026-01-16T12:30:25.136828+00:00,,,
svy5ErijNYy9hEVzxknCdwWdZ3NeXJTdpb9Ndnso17f,2026-01-16T12:30:25.136828+00:00,1765630559,7wozcsqbiUBgwD1TE8yRbCRZBMzZ4YAYJxgLksWNJjxZ,740715.61
Hk3hHt1b9LoMn3xd3T7pvCiSA5aFBghxt6UKCSNvBAGS,2026-01-16T12:30:25.136828+00:00,,,
DyAU3tnSaikD1eQjoCVQJowhofYbzqoTRPdy87G5pump,2026-01-16T12:30:25.136828+00:00,,,
6GRhYgPjYVtJdEeFMoun9hQ6U61vdfHZk1x9btTwbonk,2026-01-16T12:30:25.136828+00:00,,,
DtTPiFFX5oNnozjfoyYfDRFcSdPDuJNkYaZeEvSCBAGS,2026-01-16T12:30:25.136828+00:00,1768557839,AY54H935sAnYU2bHTeBEN5KiBAW8LkQJxxyAuYQWvk2p,31657.67
FSGz8C8U6WPfqaGApsGHwf3PN5j1xCdbbvS6avWJpump,2026-01-16T12:30:25.136828+00:00,,,
BP8h9A9JEPmsYdxxQfTnzLxrqvNH4zve7cb46a7Wpump,2026-01-16T12:30:25.136828+00:00,,,
8pjHGsZjy6rcxFt9jgosmgfmyW5nauPEXBYvG4fkpump,2026-01-16T12:30:25.136828+00:00,,,
61uiuu5aAc2HG1ZQaHd3opfLnK6cM4FQnE1jRi28pump,2026-01-16T12:30:25.136828+00:00,,,
2HbgHF4PowtU2ggMF8Y8fDPYuDQmg8nFiC8sQTiLBAGS,2026-01-16T12:30:25.136828+00:00,1768486422,7xeEamjUwF4jCzt9eeEgKbK5i9w68aK9L76hJNvuB4zU,40070.01
EsunvzYVmrWyEmNPtTXwrEhFfekj9L5yy4dqLkcGpump,2026-01-16T12:30:25.136828+00:00,,,
7VYwArJCfBgeV29ZiPb39Q7qabihxnscSKzKsZBJpump,2026-01-16T12:30:25.136828+00:00,,,
GhoMWTW6JsVx6npnYQnJTYQPcaHu4scXFsfpSc7ipump,2026-01-16T12:30:25.136828+00:00,,,
DSxgPLUvDB6wzu7t6BusegR37hxs9VKMm1XtsfeyBAGS,2026-01-16T12:30:25.136828+00:00,1768553183,7SCEhRBupP5W17aZZ3d83J9hJuVXLd3wopWPW4vFGZz3,18778.28
7DcNhnfQuPsWd7tJXuBgNd66Vs1YrumXkiwJwLbRKWLN,2026-01-16T12:30:25.136828+00:00,1763604514,8PKhQVh79CP42FmrBhPJ9GeWG2ZQHPLsTudjeujVF2SB,155532.84
83iBDw3ZpxqJ3pEzrbttr9fGA57tttehDAxoFyR1moon,2026-01-16T12:30:25.136828+00:00,,,
Em4rcuhX6STfB7mxb66dUXDmZPYCjDiQFthvzSzpump,2026-01-16T12:30:25.136828+00:00,,,
5VqNoPGm1w1YAJCMRMNq8h3ThcvdJFgVEwzGviV4BAGS,2026-01-16T12:30:25.136828+00:00,,,
6UgcQZdsmNztFJRR91pmTbjS8RiQJLBTUcxBQzLfpump,2026-01-16T12:30:25.136828+00:00,,,
GcCBED7FhWyVQ56MqzSmZXK7gVBFwzDSettGCuYKBAGS,2026-01-16T12:30:25.136828+00:00,1768558257,BmVWtDYam6MAKvPQW3YULp1dBxFBFiJSD7DVJ4YmvZdd,15841.52
3nrNMaP4nH8KHwn3sNyZFyM86q4VdTPjefWCTSgrBAGS,2026-01-16T12:30:25.136828+00:00,,,
DAFdakKAEvB6GtJgnDk1LC1QK4gQrtTK3eKUZtAJpump,2026-01-16T12:30:25.136828+00:00,,,
4z3r3HzPNanqEgKf1mkZNKz8VrZwTn8XPMfaARxbYj7X,2026-01-16T12:30:25.136828+00:00,,,
91iFsTuPH5bREB43pMEeSkdUHfJr2AwdfriSBWfVpump,2026-01-16T12:30:25.136828+00:00,,,
4KbbSacSGPBxs1JH7YH8dUERh1NQNJQytJUCnt5mxHyo,2026-01-16T12:30:25.136828+00:00,,,
Gju183N8tEq91Rf5AbbNESobjJRRmtatkuidLrfopump,2026-01-16T12:30:25.136828+00:00,,,
Ft7SDd5ET1kvTq5MgiWzSR1QRwHWDsjFPhAbPPJPpump,2026-01-16T12:30:25.136828+00:00,,,
EkJuyYyD3to61CHVPJn6wHb7xANxvqApnVJ4o2SdBAGS,2026-01-16T12:30:25.136828+00:00,1754519172,8Lvqv2jgNvcx1NDtMHd5Ahx8ZUjETfLwygq9MtDfPHxe,59198.65
HWbNnWxMokZygvhKnYbDfZfRaokXHvF3uVHvnKSdBAGS,2026-01-16T12:30:25.136828+00:00,1767919599,BrGbfyWheB9qFqDxeuTxAqVsp5CKF91VHZ2ATiPbvveM,149386.49
2cAkpkCWGJfj5UhSXS1efEfSbjzc1o7YmjJvqhQkpump,2026-01-16T12:30:25.136828+00:00,,,
8C154gtH2cRAeJSi3De67CBqhnbvdNfBHbAxYGcaCVix,2026-01-16T12:30:25.136828+00:00,,,
9223LqDuoJXyhCtvi54DUQPGS8Xf29kUEQRr7Sfhmoon,2026-01-16T12:30:25.136828+00:00,1756937427,HSemLnpwZ3fk9iNNMPUCXs6NSQoi7y3N941ExYz9ANBq,964030.87
55DJNrN4rM7euSZSsaYfsEHGBQRcznibwiq1fR2HBAGS,2026-01-16T12:30:25.136828+00:00,1768562508,5bzZWwde5HH3E2HZr6gUc3DALNVU3afwJQ93js7gWxPp,28486.88
5SVG3T9CNQsm2kEwzbRq6hASqh1oGfjqTtLXYUibpump,2026-01-16T12:30:25.136828+00:00,,,
96zMCM9nALK2cDv5p2CiDkGrgbJX9McCnQkxyBaoBAGS,2026-01-16T12:30:25.136828+00:00,1768543250,BUAWNueM8SN4N7x5BYpR5sJaQs7u88BACzcaJ5a2uvwL,109097.4
HFeJxTiWsHAiewJRjuF5fzH3kqAEpVyYKNRzfSu4p749,2026-01-16T12:30:25.136828+00:00,,,
2dm8KW9zAQ7dHvcZUKemLmdi8Bo4wWk3LmLxcjTVr5Cc,2026-01-16T12:30:25.136828+00:00,,,
7eMsGXwF361KnhH1jBfccbZTNoW3JCNnyqNUoJyNBAGS,2026-01-16T12:30:25.136828+00:00,,,
7Ttyq55N6PdeQ6vnaysQqqyUJN8udrnwUV8RYGtTB4Nm,2026-01-16T12:30:25.136828+00:00,,,
8mgM8w9BDeZvL1pm86xPDvPw9XHL3vwXkFBqU693pump,2026-01-16T12:30:25.136828+00:00,1764928131,8eKkqRMcxvdqo9R5NGgSF6NQgAeamA4LBAaEos9uFCpf,20203.03
EVzvZW11LaF7hUZ6wg1xLe4Ep8d68gRV5MVhcesrBAGS,2026-01-16T12:30:25.136828+00:00,,,
37nnPMbUFKtrr7jdgyLDirMBsypnoDqpA2An2kKCpump,2026-01-16T12:30:25.136828+00:00,1768496390,wQo7g5e3CRKoYqffzCHUCZf3UTYFj7WgwL74eYNYqEP,14378.03
DSN4CPBwQiD8QMtPinbABZyC7BecFW7iGmstAaYbpump,2026-01-16T12:30:25.136828+00:00,,,
2qUJeBPPsYNUqkjFkkdfoFcNJ1rQhqpQZyBYdnLmpump,2026-01-16T12:30:25.136828+00:00,,,
ALvxZqZ3pVWviRm4xKx4GfrKUm3DmzsXmoGracb8pump,2026-01-16T12:30:25.136828+00:00,,,
BAaD7BXxTZXmsjrxRhXT7mjLjLbbC93HBohDGAVhyGPn,2026-01-16T12:30:25.136828+00:00,,,
2wzVMXhLypmP92mXNCq4fuFcd9TCC972AbMfuiH3pump,2026-01-16T12:30:25.136828+00:00,1743302984,8LjfG2dAMgyTQmvKKT3VtwLgfxJc79RwkcLGuq19LSfC,307700.13
FVDrvgdSvetYZiFjnaSGjffQLtxaifpEU98PSFT1pump,2026-01-16T12:30:25.136828+00:00,1768480167,2aNUvzbvxoVT6WspGGVaVkj6q5rQ1ecTZ2FSeW9UkoEK,5828.92
CNRnjqRz85Qzzm7w5WarJqqPcisATscLSHyZXkGAEE2Q,2026-01-16T12:30:25.136828+00:00,,,
4JSSU7rr7Vd6jgZRcgHmtD1t85mTpKMsFD4fVv8Mpump,2026-01-16T12:30:25.136828+00:00,,,
WD2VcBSj2CxNaiJ93c4VJ2oa5oEvVSHhit2dS8Kpump,2026-01-16T12:30:25.136828+00:00,,,
4uWWqojnh4jE7SQTq56XQDVHZgBEEacSwqYxAXiUpump,2026-01-16T12:30:25.136828+00:00,,,
27G8MtK7VtTcCHkpASjSDdkWWYfoqT6ggEuKidVJidD4,2026-01-16T12:30:25.136828+00:00,1707499003,5cuy7pMhTPhVZN9xuhgSbykRb986siGJb6vnEtkuBrSU,75898.6
FeNuGnPiRDU8iPiKaKoMzrWcca8XRumcxjkG7wmaSJK9,2026-01-16T12:30:25.136828+00:00,,,
6kS9wA6DJ5RG4VSu1QARzFKskWwG4JnqMddW23Bjpump,2026-01-16T12:30:25.136828+00:00,,,
4b38wiCG2hWBKKhPfVj8Y5HHwuVvRVZLaQixWooapump,2026-01-16T12:30:25.136828+00:00,1768522812,9bJ2Bm1hEJPcVeaxvANqHeCL9cYHPFHibWXvbFwosRQo,36902.08
21AErpiB8uSb94oQKRcwuHqyHF93njAxBSbdUrpupump,2026-01-16T12:30:25.136828+00:00,,,
BqLh5zDF2egGYxb4D9XjdRMeHZNHZY3LpFnxRRSspump,2026-01-16T12:30:25.136828+00:00,,,
FUCddCADhpAHpmU53pkrN5QMwenWE4Ksu9Rhpv9vpump,2026-01-16T12:30:25.136828+00:00,,,
BwkbPYxg9HFDroEpxq6fdAQvePjjDtEshhfrw5zFpump,2026-01-16T12:30:25.136828+00:00,,,
MYZzK1sGmeM8B8v45u6ow7rVe6YRT9p7w7YFbrWpump,2026-01-16T12:30:25.136828+00:00,,,
axUxN2q4AWzHaU6LXmjqQh7KEjaXDPKScjmzwEBpump,2026-01-16T12:30:25.136828+00:00,1768366403,8VgscZEWCxWMuRtRfvSXUNgxHnvoeyMMKh4hyqowgoBc,200901.69
CKM9U1MhqMXDiktYJEgqsuTTrxsBaXjmLDNYxH1wpump,2026-01-16T12:30:25.136828+00:00,,,
5EsB2so4uKH8R94t3rsnGTKSjypwRsc25gWZcG7yEeKX,2026-01-16T12:30:25.136828+00:00,,,
D8yFFLE5xRsh6FkSKaj5e4PVxwHp61susFwr6sZMpump,2026-01-16T12:30:25.136828+00:00,,,
Gc8VdRoCtset6SFErLKBcV5e4Ew8XwnTDYbtYXFTBAGS,2026-01-16T12:30:25.136828+00:00,1768552190,AAx84NQCNWcwATLCuBqu7FwSLhGmsp1ouypYaWqqitS,68640.54
G6mGRaWhay4dciEY8JW2yYNCEegqN6QBcXkmcotKAAoj,2026-01-16T12:30:25.136828+00:00,,,
CzNMjTW6kQQNMSYksrc1reqEseey3ReQm8yro6jCpump,2026-01-16T12:30:25.136828+00:00,1767691077,E6k27TAUuNjqhHxWCzoo6d76Lcoc5i8SRqQASGZhD7ku,70114.58
EFkiR1hE91BkqbxA3YxvYuvDxXTTEMea3zQs8ndbyTQY,2026-01-16T12:30:25.136828+00:00,,,
2tXLJm5A9MUjkRpgpaYAisaHR8GPwc3bE2uu7xDHpump,2026-01-16T12:30:25.136828+00:00,,,
6ZcFMcBdeGLH6z7xuXTazqNUkyRPPrbGwDcE99Jrpump,2026-01-16T12:30:25.136828+00:00,1768488214,3WLW1UAr2kRyiDpS69Mr9u87cn8AQdyHuuG9XdoZyuFZ,14981.08
3Uygp5jCZjXzf5ebX1D3a6yPzvDJH9VqLJE5hTMvpump,2026-01-16T12:30:25.136828+00:00,,,
BMJmpBFQrRj1c5UEBxoWont3xuctDjwUnHEnzFhfBAGS,2026-01-16T12:30:25.136828+00:00,,,
HephxhDavKo6joaqQe7ELo4cu7r636f8RXFgg7evBAGS,2026-01-16T12:30:25.136828+00:00,1768136085,DUsafQAdDKDhxmH2JnCxr4BjKPSFSwDZPcnWDFuQEfFQ,86708.75
F24Vi9a54bNZp7xPEn6vV88af9TMgNZH7mY1eDALpump,2026-01-16T12:30:25.136828+00:00,,,
GJJnzKkNRLvHfMxVasdKWmE7AziQojYtGVmTnQfspump,2026-01-16T12:30:25.136828+00:00,,,
4Rjn1S2JphEx34pGDBZnAwC2CBUobDYmr7TV18iSpump,2026-01-16T12:30:25.136828+00:00,1766427210,FvQAicHWfNWnFgwYiT6PC1ubj7KdtuvjFg5ViiJVVftm,37405.61
Ey8GJs2xgXcGJXjanwzB7qcaHftCa7HwxFBNEHR9pump,2026-01-16T12:30:25.136828+00:00,1768304327,BMihRxaT3T4UXhMdkwxzEmeQTWomHbW2KVhBuxSHTGP2,73804.68
4Xg46tTE2ghwaNyQgjtJhN3bXPKyhkuPtFW5SginBAGS,2026-01-16T12:30:25.136828+00:00,1768190142,CdYk3K4MBTK22ZotBCjC9utMqNXVHeih38547jR5q2HJ,18904.02
crCQL3GbY8p74pfX7P5VZxNUowo8ud7bXvLyHK9pump,2026-01-16T12:30:25.136828+00:00,,,
2p1zpH5pS6j23PYWgdfdsaav18DtnL56CNw2pCJnNdo4,2026-01-16T12:30:25.136828+00:00,,,
E5wByGavLTuct2tNVLxiytU6rk2YZUQWEKa7hp6naCpa,2026-01-16T12:30:25.136828+00:00,,,
7KAUB81k1PXmLzKKkxeLnoVRDmAcAj6h3cMzF6t1pump,2026-01-16T12:30:25.136828+00:00,,,
Csm8DP8qH86MuW5o9dAjxS229Lctm8fSxM4V9H7SBAGS,2026-01-16T12:30:25.136828+00:00,,,
A6WV8PjG69h6RTG4PFa5gwcpMXJxfJo8mZAv41k2pump,2026-01-16T12:30:25.136828+00:00,,,
BBSAW49Sru7jiSajWVKTSWs39psrjjHbMMtWGWTJBAGS,2026-01-16T12:30:25.136828+00:00,1768550228,99RJ6jkZPb5wdWYV6CyK8S9Dx4irSUqqka1EupcD5mQT,180683.2
c3hgjmeM9hZaF2g4sUE8aX9miYcsXZuQkdAXFuXpump,2026-01-16T12:30:25.136828+00:00,,,
EMAGfmV5bMzYEtgda43ZmCYwmLL7SaMi2RVqaRPjpump,2026-01-16T12:30:25.136828+00:00,,,
Fn3YKFJrHBo8twBgijhLkgxZPmRVu4rAGRT4EPcvpump,2026-01-16T12:30:25.136828+00:00,,,
FTrvif8TZ7EwW9baKxWzynxyxGj27eQTYn4pCfWZpump,2026-01-16T12:30:25.136828+00:00,,,
DezXAZ8z7PnrnRJjz3wXBoRgixCa6xjnB7YaB1pPB263,2026-01-16T12:30:25.136828+00:00,1671900044,3ne4mWqdYuNiYrYZC9TrA3FcfuFdErghH97vNPbjicr1,1636915.45
G9h9J7LzW4NB6aqTrnhkr2tFULah6byUGrzU55Ldpump,2026-01-16T12:30:25.136828+00:00,,,
JUPyiwrYJFskUPiHa7hkeR8VUtAeFoSYbKedZNsDvCN,2026-01-16T12:30:25.136828+00:00,1706675725,C1MgLojNLWBKADvu9BHdtgzz1oZX4dZ5zGdGcgvvW8Wz,332537.01
G8oQ1Y4GkQbYtVmQKAQBVSm9sGp2s19vQoVkq9CEGCVC,2026-01-16T12:30:25.136828+00:00,1768483401,JA2eZ4AxWHKKeKrTLUWkiwXpepPoHDduCCZYhuxnbZ9x,170499.81
USCRdwZP5UkKhJzhWuD7XjTUviHBtZJbLG7XpbKng9S,2026-01-16T12:30:25.136828+00:00,1759920702,FR1UT3zSrXkQVbsm3QhXwEa4a7P11eNBUyaUN4DNL7qW,102242.08
BJuVapGBcxSd4RKeQfBMjkM9NpRR2HLpa8CitGtfbonk,2026-01-16T12:30:25.136828+00:00,,,
J34PYDFbduzLNHwvrZSdL1GGSmfFYcfJeq4kZtZ1pump,2026-01-16T12:30:25.136828+00:00,,,
DL6BBBQ6heTg9Zr5gFZxsCK2AZt2aVyRqUZgChqopump,2026-01-16T12:30:25.136828+00:00,1764390445,DPm7R5KWJ6UWsHLVyE7RfEJEX7VUJ5HGijbAhsRNwNjX,24751.72
5ocMs77g8Wvsa7VQbYPbzu6HTKmi52U1ApyLQxgdpump,2026-01-16T12:30:25.136828+00:00,,,
6DVvPsmZbzCN9LPpHFfdjperKX2oWi2qWXHWaWHJpump,2026-01-16T12:30:25.136828+00:00,,,
299XwCopfifHHoE4UsBC2SrAa63dzppk8gv7rh3CpG9C,2026-01-16T12:30:25.136828+00:00,,,
GFcEXBFqng9MXkSCojwYhnnCksQyDxPigd3Vz9y2pump,2026-01-16T12:30:25.136828+00:00,,,
HEU3Gb66S6wAa3S2bByB6gV5snQoNLsbXQmLPnrRpump,2026-01-16T12:30:25.136828+00:00,,,
DUFafGmjJjQ3v5q232E6jXQnc5bg4AhLhFuVs1Yhpump,2026-01-16T12:30:25.136828+00:00,,,
8XhooKwC3bxgLGYge1NmZSAfvP7S8kEpKZ4k1cXfpump,2026-01-16T12:30:25.136828+00:00,1767031888,5c3mx1MgtK3m1G85JUy6szGxEuDjdeMwA6my4TmFsRyJ,12633.39
3kC6gheQ5fxK8iKWWDHeomHU5Z6U2dUWfqEK6dpLpump,2026-01-16T12:30:25.136828+00:00,1766861811,3HsBgq8qDgYZQipmQ2kM7Xmpdu2nQCeUw1749DktTm87,65686.95
496W11ejdWG4dPyLKLB76g5RCKos7B7gtqBs1bnXpump,2026-01-16T12:30:25.136828+00:00,,,
FRnjZsCJvxUsNVmCo3BFpeA7zeCDtympogDPhr6spump,2026-01-16T12:30:25.136828+00:00,1768526509,3f1Lz9LDxHJCP2Ui4nr1oRHWA8MLgAoiLG3AanEEuxbF,10737.31
FqfV4VA9okRt5PvG2XLuVfsfaKbA92STFMfqNyq8pump,2026-01-16T12:30:25.136828+00:00,1749935969,5jcgeKuTgxcUKSgT2dzaWyFUugkfULoUNVqWg2EtDy9L,59012.9
4N3PvWXcxCNCoF92r7CAY5uAKknbCmPjz3EnxokWpump,2026-01-16T12:30:25.136828+00:00,1768515045,CjPgAMnnhBwJHcTFj7hynmxunZJZS4hVJghQX5dTE8ZG,6211.0
39Mzpdw7NDGiXmZZGWiCdR6Nzoc7muWuYkPsVDV4pump,2026-01-16T12:30:25.136828+00:00,,,
B1qJAAPAXFQD91TVcZeJ18fAHzbZnp9GRDmChVdwpump,2026-01-16T12:30:25.136828+00:00,,,
y4D1sg8PKSTxbdqjz4acELzeTJByDVW5EhKN1yypump,2026-01-16T12:30:25.136828+00:00,,,
E74i1Hr8UYMHzJpr7NCmxLGdo8EDAFzvsbQsqitnpump,2026-01-16T12:30:25.136828+00:00,,,
qZrLtZ9SPZzP3AdmZ7P29ccGf4sQeG63XLMAHtkpump,2026-01-16T12:30:25.136828+00:00,1768482563,A62a7xampLovfQYXTF9KmPX7LsCr7fSzWw9NuRznN3Z3,9209.59
4kzXWUrWxYuyUeEoYpQGQnNRXd4bv4VsLNNaEto4pump,2026-01-16T12:30:25.136828+00:00,,,
2dsSCDuHfmDiT6injtnWrVur2VXL12LB7zaQzVtwpump,2026-01-16T12:30:25.136828+00:00,,,
AhBCrd69TZj2kZjW2U6i9xkPPynyhngHNQYarrSRh1jS,2026-01-16T12:30:25.136828+00:00,,,
2mFMWNepbGcJhLAmAtrY7YvRAqDqsNinNVjg1zBJBAGS,2026-01-16T12:30:25.136828+00:00,1768562648,BiWryG9HcopsBTQCp9do1cusyBQP3q4eDVVttxxeLnck,12574.57
9sjdR5pVYKVbkSALTG1CYhaq1gKxayJqo35sskm8bj4D,2026-01-16T12:30:25.136828+00:00,,,
DXBYAw9aQheMdujaLZYnVSpKSK4n8jMS7HfLbiv5RWnS,2026-01-16T12:30:25.136828+00:00,,,
Fvn8R736buLh8Va89YjTWa9J3gU8zndMaCDzK1HLpump,2026-01-16T12:30:25.136828+00:00,,,
