Token Address,reason,launch_dt,launch_conf,pairs_count,liquidity_usd,liquidity_fmt,launch_age_days,vol24,vol24_fmt
7ZCm8WBN9aLa3o47SoYctU6iLdj7wkGG5SV2hE5CgtD5,launch_older_than_30.0d,2023-12-18T04:06:47+00:00,low,7.0,,,,,
A1EZ63zEf5hgcA776d9S6UAkDFQdj2Wfb81gPZKLpump,no_valid_launch_pair,,,1.0,,,,,
9CGXaXiZ96FE6oFKYaSE8ngU2kQdiMEbzHfJE6fBpump,liquidity<25000.0,,,2.0,5317.07,5.32k,,,
9ngjHTPE3fj5Sat9KbfKEJUAuKYwtYFfHRytKt1Epump,no_valid_launch_pair,,,1.0,,,,,
6ZKCEQPT7hULSD4iU9j4UXUA5gDbtuNLM93sXQx6BAGS,liquidity<25000.0,,,1.0,23701.72,23.70k,,,
MNDEFzGvMt87ueuHvVU9VcTqsAP5b3fTGPsHuuPA5ey,too_many_pairs>8_and_older_than_30.0d,2022-11-28T02:27:17+00:00,,13.0,,,1170.98,,
bUAtopvmXWfMN2E2yG929hxjg8qMvi1jJLS4TQZpump,no_valid_launch_pair,,,1.0,,,,,
BmsRvPgXrgXXEn67RBBoAu3NCjDFE72Zb1nkMf7kpump,liquidity<25000.0,,,1.0,15657.95,15.66k,,,
3JcmkhVqJmo6w4cojpnKjd8utbDeNvqugq9uAMFgpump,no_valid_launch_pair,,,1.0,,,,,
EPwezai3HkaAzGQhwhg7VUq5rERHv9Yp4mPTdFtbBMBX,vol24<200000.0,,,1.0,,,,81863.63,81.86k
56Lc5By6bBmewoLZLy2QWs9L9nd8aQHFZrYCSaX5KDCm,launch_older_than_30.0d,2025-08-10T03:37:19+00:00,low,1.0,,,,,
EC4MavbhU1HdjZgWjAgXEaMSSpJQK3Um8pXwkws4pump,no_valid_launch_pair,,,1.0,,,,,
9RkiL96F3MyjqTmdUQDQVoxsLgh8AyzPfD8LLnbYDpBK,no_valid_launch_pair,,,1.0,,,,,
EEFCwoo9AkhBrdxho3wzETPhtQ3qsWUcyaThDxqkpump,liquidity<25000.0,,,3.0,6285.3,6.29k,,,
97ShaWg3Fvyfmr7KxUpZhk69owrCEnXQNvdCDNNUpump,no_valid_launch_pair,,,1.0,,,,,
B9u8h65uM1oifqmP82VyUDb68iG2fKfZiyubmNMtu3h7,no_valid_launch_pair,,,2.0,,,,,
396a2BxRxiQiLxLrwPDUtHRerdNmfNU2mmKdzy5Cpump,no_valid_launch_pair,,,1.0,,,,,
FbHa9vWyymM99jjpSCP2YphtcfM5ftVgfuiNYH9bpump,no_valid_launch_pair,,,1.0,,,,,
3H9QEXnkpNT2zKe6vB2uuXxbemaMZQbW4rhwfhnBpump,no_valid_launch_pair,,,1.0,,,,,
97xxxCufJk98LiMzxaaJ2eNKAAQDVpxh9RMJdNBYpump,no_valid_launch_pair,,,1.0,,,,,
EKpQGSJtjMFqKZ9KQanSqYXRcF8fBopzLHYxdM65zcjm,too_many_pairs>8_and_older_than_30.0d,2024-05-18T20:45:47+00:00,,30.0,,,633.22,,
4nKiBzUscGCKkEpz1Jz8upgbaRySigVF94FcDZ6RN5u5,launch_older_than_30.0d,2025-08-10T03:31:28+00:00,low,1.0,,,,,
FgyxMHFTbXkfJLdHkPuLSY6RydQumDcpNiuhNBxWpump,liquidity<25000.0,,,2.0,2968.32,2.97k,,,
GYMGsDJBWi37TVA1BmfcBTt3m1SsfgbJcrUfzCcuXZd6,no_valid_launch_pair,,,1.0,,,,,
6LYdxfFH7uWK1hAuSMHeDPBL7sfS1nNDBjUve9FSpump,liquidity<25000.0,,,1.0,3612.27,3.61k,,,
6mPfNo8LZqcezF24WMdYaowqtM4TKwZFi6Ds5p24pump,liquidity<25000.0,,,1.0,5739.72,5.74k,,,
5cWLAd6XgWMpH9QHDpaFjKp9Gte57L8iFSRs5htspump,no_valid_launch_pair,,,1.0,,,,,
FkgnYBWN2WHNHhNfPnrC9hZY5AjojkNj8K6pjY2Apump,no_valid_launch_pair,,,1.0,,,,,
Dn3DFUNDKEyMJGrEsuzTiYrfEwtPo86iH5qTKzbbtiag,no_valid_launch_pair,,,1.0,,,,,
H8fcB4CytmBhxB34CnWxs14SryA7qe5jRmCAQt86pump,no_valid_launch_pair,,,1.0,,,,,
EFkiR1hE91BkqbxA3YxvYuvDxXTTEMea3zQs8ndbyTQY,no_valid_launch_pair,,,1.0,,,,,
HZ3or47mumTMyZNdNpZPv2RuwN1E5nyn2ibFGavgpump,no_valid_launch_pair,,,1.0,,,,,
45DzrxKPS4Rgerk7u6gBCB9iikF4gYVUtYE6GXbDdZkj,launch_older_than_30.0d,2025-04-01T18:18:05+00:00,low,1.0,,,,,
B5boCskXEFb1RJJ9EqJNV3gt5fjhk85DeD7BgbLcpump,launch_older_than_30.0d,2025-05-16T22:36:53+00:00,low,1.0,,,,,
47H3qoSykXeGTXJydPF2k9iasFws42bCMEqghV8fpump,no_valid_launch_pair,,,1.0,,,,,
2TfSKMphshQ8zFLMJuGsw2iotSdGHLhYYPM4uy1opump,liquidity<25000.0,,,2.0,12156.74,12.16k,,,
GGNP1Gf6kewF6sTvnD1zssbuiwxmsHoxRcjCayZspump,launch_older_than_30.0d,2025-08-10T22:01:36+00:00,low,1.0,,,,,
GMCoca5yJGfX2gSB1AyqrYAnyUJDkP7DsUKNTz4TYCmF,no_valid_launch_pair,,,1.0,,,,,
CeJEHFKBwFMjCNNKPkDnNxfRakGRVfoRptPe5msu47un,liquidity<25000.0,,,1.0,3107.96,3.11k,,,
DMnN9vxJEkhmWKpKCMxrfXg1vEXw9YNoUBNg8AQApump,no_valid_launch_pair,,,1.0,,,,,
4Bskt3gjpvZetH1xKpH67qMDbypSFc58rt7NLRADYqWL,launch_older_than_30.0d,2025-07-06T17:16:51+00:00,low,1.0,,,,,
Dkf2mYrFb7wUtS4n8GBjNpFgJmPxrPocgqq9ikKMGqw4,no_valid_launch_pair,,,1.0,,,,,
42TbPKMrMzpDqWbP8kHd1eLqxg6DJMrXWQdARhTMpump,liquidity<25000.0,,,1.0,6632.01,6.63k,,,
5dnUiYJM4Ff77EcF9zUUGnpiUTePeAXgWcw3BJqRpump,liquidity<25000.0,,,2.0,4072.18,4.07k,,,
7xHjgfPmFnPpdABsGtgcfhbXdXgdWWVvU7CT5nEapump,no_valid_launch_pair,,,1.0,,,,,
3MwUTrxGWAkUic9JHmWAsy2o1Zr4udyhfSm7ouT2HSoH,liquidity<25000.0,,,1.0,0.0,0,,,
EbjuSyvPCJFfy9pr5UT8SuoawnXMtJn3YokvcGFQXV6A,no_valid_launch_pair,,,1.0,,,,,
8WF3w5wrWizDEHjtYY7Atf6SR8C7b2xZTKsy29Knpump,no_valid_launch_pair,,,1.0,,,,,
8vHa3AVaBYfQqLovsnyZbxvbsJAGvg8thXNDi6H1pump,no_valid_launch_pair,,,1.0,,,,,
HHzjQ1HsxLVhte51kX7w4YQHxjbUfM7Du6AWuCB6pump,no_valid_launch_pair,,,1.0,,,,,
6Kv8767zaFb2N7TWBKXF5TrCrQQuNq2JhTVFpFiFpump,no_valid_launch_pair,,,1.0,,,,,
CXiq46Sg4qgHTEXVSGfzSuKWx6ScKBq21wxuQgTgBc3h,launch_older_than_30.0d,2025-01-20T02:53:19+00:00,low,1.0,,,,,
2xs4we8XT2cwRRGuejf8puhWu52sDpGPeAv9aqPNKhcM,no_valid_launch_pair,,,1.0,,,,,
41Z4pkjxSNo6tswv93jV2ZoRskyCyWSWt6RwWymopump,liquidity<25000.0,,,3.0,12396.15,12.40k,,,
6ZNjU9JGs3yPFuDLFzLra8xSq5hcerSA5g7kRLwXWVmc,no_valid_launch_pair,,,1.0,,,,,
C2G3saiy8UMqqfkgX9uAUyTmMcswdbi5cx6oKWCmpump,liquidity<25000.0,,,2.0,10687.08,10.69k,,,
63Z3Q7JX3SBGDiiwqqnPTVvHcuUk6ixkzsYQbKzhpump,vol24<200000.0,,,8.0,,,,75355.79,75.36k
tGSHqcbojd4uSmirz9iXHvuRBBFwbHaDjSatbuupump,no_valid_launch_pair,,,1.0,,,,,
F6etBjvG1J9Ewum1srE9kSvGr3ayd8Sqh2GXTesCpump,liquidity<25000.0,,,2.0,16132.97,16.13k,,,
Emp9XYtgvfqkSSLjRP8GJ83gdG7xAyzVCNhJAaJdpump,no_valid_launch_pair,,,1.0,,,,,
DpogNedkao29sC1GExZ4eVQCNYn8GHm8FdDcRTdipump,liquidity<25000.0,,,6.0,8105.99,8.11k,,,
8mxVQkkgi1YhrUkYrRFXihjyePFHVequQgNG6n68tWnB,no_valid_launch_pair,,,1.0,,,,,
9g7Jeh7CtT7auViLPvhG7ZikMn8t2P8jAQwBxdqrpump,no_valid_launch_pair,,,1.0,,,,,
5NwrBHYhnKK4EwMVdscLWLrVkNyWhsB2bByQeB6vpump,no_valid_launch_pair,,,1.0,,,,,
5yLVCZFVNAKnDP7xURTSt4uKp4P1sZBvD6MZR4hfpump,no_valid_launch_pair,,,1.0,,,,,
DBzRPmc4cCocNyCAACHQzwgTYw37sypHvHgef1ip4cDP,no_valid_launch_pair,,,1.0,,,,,
EVN51GoBHoXbvwhTJHcnNBjJ1E4tSbuTU6HnSY59TEj9,no_valid_launch_pair,,,1.0,,,,,
4LNkN3Py4Mo9vCbKQBLQZTVQkCbWpRtPzzqYb8cipump,liquidity<25000.0,,,1.0,4347.16,4.35k,,,
J4rz53kcMCR7JxxXfwrdC6PjtkUaXWTPDgjpvTy8pump,launch_older_than_30.0d,2025-08-09T19:43:37+00:00,low,1.0,,,,,
3usfuMcSfPaQTBFpKkVD9sfbqmvNmUrT36Qwe5EUpump,no_valid_launch_pair,,,1.0,,,,,
GrSiUc7eq9UmYw6cBjiucdWQXANZgmB9mS6nNCP8pump,no_valid_launch_pair,,,1.0,,,,,
Gj4TowizfdkRJNsTgBEkj2WpBZZmGE7o9nN8q6RhBAGS,launch_older_than_30.0d,2025-08-07T23:36:26+00:00,high,4.0,,,,,
nmj3rRuhXiLPReLvUvjJo7gnjcdNn5YE91Qo259pump,no_valid_launch_pair,,,1.0,,,,,
Bn46cLSasTPWhwHLGySRsKtoGhj5S2tJiQPJAdbVpump,no_valid_launch_pair,,,2.0,,,,,
ABEi2koutFU9cPMpEnsbkMjTeEaWaGNnFSjUdXVUaKDv,liquidity<25000.0,,,1.0,755.41,755.41,,,
DgBRtVE2bQURfQt3rcpEqiBcEWDG1kwHHxK26BG9pump,liquidity<25000.0,,,2.0,13782.97,13.78k,,,
8twWpeRjECVV2vGrWEpf2maX28CjpbscuFztk9LkBAGS,liquidity<25000.0,,,1.0,3073.36,3.07k,,,
DTU5bMsPpAheEEiR6XM6NXixHGhk9LgCn5guDSTPpump,no_valid_launch_pair,,,1.0,,,,,
9ji6qbPWJ9H8fab1j1e2E8oNVZMo54PJJYTzBKFmpump,no_valid_launch_pair,,,1.0,,,,,
9NpW7QZ22UtCF1MmAByquXAqkSWB2A5SQiwQRbktQLhM,launch_older_than_30.0d,2025-11-10T02:31:10+00:00,low,1.0,,,,,
x6ouvgQ1WTPjUQksQy1SoH7NaWRWgcjsQSzGDVtpump,no_valid_launch_pair,,,1.0,,,,,
Fr7vfUAWgmg84L3VuHKiyzTJx3x3V6xU5pn9328Wpump,vol24<200000.0,,,1.0,,,,61343.36,61.34k
BzvoWoZCEf6xeLjxw6ySWB8VmBCk97Ufzr5G3brCpump,no_valid_launch_pair,,,1.0,,,,,
BMXwhJaZuV5kQfpa1nUVvemK8Exrnw7Z9TPEwVmwbonk,liquidity<25000.0,,,5.0,97.79,97.79,,,
8opvqaWysX1oYbXuTL8PHaoaTiXD69VFYAX4smPebonk,vol24<200000.0,,,7.0,,,,61171.61,61.17k
FUnDYHaP1c3ypM1uUW2keRS8zaeHaaRS6PPm3e6Q9nqS,no_valid_launch_pair,,,1.0,,,,,
3CfeKRC7ftn4kigns5HJWA6EGPNv2LMzGHUkMHqx83nW,no_valid_launch_pair,,,1.0,,,,,
E8eP8E2vBhQ8L5zTbHGsqvs8aGqEoSnkARbDJNavpump,no_valid_launch_pair,,,1.0,,,,,
CwGXGpd1Do2urfofUJrANozYP4YyCJ1JdiaDPAHxpump,no_valid_launch_pair,,,1.0,,,,,
GHrC8S4vLDJrKNuYbZFdRcAAVqxNGWfeZH5YAwFHpump,no_valid_launch_pair,,,1.0,,,,,
3dQTr7ror2QPKQ3GbBCokJUmjErGg8kTJzdnYjNfvi3Z,too_many_pairs>8_and_older_than_30.0d,2024-05-06T06:37:57+00:00,,25.0,,,645.81,,
HFcattzDme5cygota7AqW4q9Ws3KMM1Ke2m9QFx9BAGS,no_valid_launch_pair,,,1.0,,,,,
x95HN3DWvbfCBtTjGm587z8suK3ec6cwQwgZNLbWKyp,too_many_pairs>8_and_older_than_30.0d,2025-11-27T15:01:04+00:00,,30.0,,,75.46,,
KMNo3nJsBXfcpJTVhZcXLW7RmTwTt4GVFE7suUBo9sS,too_many_pairs>8_and_older_than_30.0d,2024-10-10T10:16:55+00:00,,30.0,,,488.66,,
3RrSjhYggEJFC4uK37y9QhvGM5xwMNkdo5JLz725pump,no_valid_launch_pair,,,1.0,,,,,
ADY6Y6Cp6SKJ9cBa17NdDh3796FCraCVShnNDho8pump,liquidity<25000.0,,,1.0,10097.7,10.10k,,,
4aw3rBJcSgLiQxiAD6bEMzmWXocwgP6JLKC5c7gHpump,no_valid_launch_pair,,,1.0,,,,,
4wTd7KSpP8ii7PPumZwC6GD3jLPvVYiW4AWzXVNepump,liquidity<25000.0,,,2.0,10148.48,10.15k,,,
7tAnusL3srXjzEriVL86a23KgwDZKXJTZ2ezEUubonk,launch_older_than_30.0d,2025-07-15T16:42:01+00:00,low,3.0,,,,,
CDNubqZrgnSyraAuEE6BTHsMYj91YMxMsanSy8f1fh2F,launch_older_than_30.0d,2025-08-12T17:26:52+00:00,low,1.0,,,,,
EhaaYz6Kwt77UZQx4uJkRQuQcGYqSdNQz6gPiV7kW7Ec,liquidity<25000.0,,,2.0,0.18,0.18,,,
jk1T35eWK41MBMM8AWoYVaNbjHEEQzMDetTsfnqpump,launch_older_than_30.0d,2025-12-29T21:32:26+00:00,high,2.0,,,,,
E31m2bfjp8NyrZKjLUQYgu5YppxshxuQf3xaJR55pump,no_valid_launch_pair,,,1.0,,,,,
DvwByqvz9UKVYxSVXpNxjg6s2m33V4GpejCFxsumpump,no_valid_launch_pair,,,1.0,,,,,
5X61PKDGt6Fjg6hRxyFiaN61CDToHEeE2gJhDgL9pump,launch_older_than_30.0d,2026-01-06T22:28:08+00:00,high,1.0,,,,,
6U3estthyBmWv5cSQLtMxtfp99c2Pe53SGdyWVSspump,liquidity<25000.0,,,1.0,3468.86,3.47k,,,
EZz9mFdiFqkuj4Nu5aAEiCLeZjNgNhj5gr4xa9H4pump,liquidity<25000.0,,,1.0,18329.58,18.33k,,,
6sbddfSKuUAh7GWEWd6o76q7Q7AA3Kb9F39mGH2fwS5P,no_valid_launch_pair,,,1.0,,,,,
JjGQAsJBRQLYmBj41bgZggVLawaa4qoSF77NJsRpump,liquidity<25000.0,,,1.0,15097.56,15.10k,,,
99ouK5YUK3JPGCPX9joNtHsMU7NPpU7w91JN4kdQ97po,no_valid_launch_pair,,,1.0,,,,,
Eg8uZs9Rv1TM7zZSkpeEX8oGoG8MM6UeJVid3S3KSWJq,launch_older_than_30.0d,2025-07-12T16:55:08+00:00,low,1.0,,,,,
Cm6fNnMk7NfzStP9CZpsQA2v3jjzbcYGAxdJySmHpump,too_many_pairs>8_and_older_than_30.0d,2026-01-09T13:36:07+00:00,,15.0,,,32.52,,
82MmG1uH2BWLyoU7VCFYMohP9CT63q5paiKHAAAn3zWx,launch_older_than_30.0d,2025-04-01T21:26:50+00:00,low,1.0,,,,,
FJCNc7moyhb1MaUfMcEnz9Vtfcjw2j4hDy39bgfFpump,liquidity<25000.0,,,2.0,10324.13,10.32k,,,
GxE5UnFEGvyyAFmBGv87KSwwKUxmAGLxwRhkaDYg6gRK,liquidity<25000.0,,,2.0,3301.36,3.30k,,,
13JnQXUuEbgoZa4WSWdkd7Mo2uhAt8HWiE3gjUxUpump,liquidity<25000.0,,,1.0,3705.52,3.71k,,,
BfFU13dyBbYT5E4dZdeFHe5YeH6p9DdTh8fheThspump,liquidity<25000.0,,,1.0,11511.87,11.51k,,,
CASHx9KJUStyftLFWGvEVf59SGeG9sh5FfcnZMVPCASH,too_many_pairs>8_and_older_than_30.0d,2025-09-12T04:56:21+00:00,,12.0,,,151.88,,
8NuupyNs6zYnjhwnPA4ZZxee6qNo2Eeu8AJjvEfUpump,liquidity<25000.0,,,2.0,4393.98,4.39k,,,
74A3EPgE4p52hW6ZCgLJ8BNA1rKC2LsGxWuACA3Lpump,liquidity<25000.0,,,1.0,4528.59,4.53k,,,
4Uf883orBx89VQZiV4EoRpNqUWYN5ZuEvC4PCpQ9moon,launch_older_than_30.0d,2025-05-08T06:54:02+00:00,low,2.0,,,,,
Em4rcuhX6STfB7mxb66dUXDmZPYCjDiQFthvzSzpump,no_valid_launch_pair,,,2.0,,,,,
4kqQB1RL8KBm6jEGKoEWtKYiJ4NjxGt9zdgP6mUJpump,no_valid_launch_pair,,,1.0,,,,,
CV38eqqRKfhvqZ5yyuwuNFGTfof1wYvNguJXt2mZDRMj,vol24<200000.0,,,4.0,,,,186456.38,186.46k
C1cg9ez3X17dVf7nnj7xFAdLn7hDs1p7PR7EC2dJyZFu,no_valid_launch_pair,,,1.0,,,,,
FMWJCCCq31DdU24TQVk27pgvs1EfSXMWFHhgbkT6pump,no_valid_launch_pair,,,1.0,,,,,
HuorCKdoLVYbodCaNLiZBDPKfHAQUb4CUzSBf23Bpump,liquidity<25000.0,,,8.0,19941.88,19.94k,,,
CvTMSEB9RzHPhB1CgE7PAkszomozDv3JJNz28sDbpump,liquidity<25000.0,,,4.0,19293.41,19.29k,,,
HcDpyaMAqqdd5TKYy7w4AjgGQX6s5qk2e7645L3Bpump,no_valid_launch_pair,,,1.0,,,,,
2v7kAzFhEVGXLAJMqu38pD6c5uoMR9Q1D3kdLNvmpump,no_valid_launch_pair,,,1.0,,,,,
DbC1gQed98gT6rW7RBQsii5cDGjjPabVZ8x5vNPqpump,liquidity<25000.0,,,1.0,13475.66,13.48k,,,
CARDSccUMFKoPRZxt5vt3ksUbxEFEcnZ3H2pd3dKxYjp,too_many_pairs>8_and_older_than_30.0d,2025-08-30T07:06:48+00:00,,10.0,,,164.79,,
DtzVi6264rhaSDyxhWGJw8SS6yUFJ6UaSiyow3depump,vol24<200000.0,,,1.0,,,,149380.88,149.38k
Ew2x12bVa8YTwEuFVeFRAUwe6ypnv72zYiks11iupump,no_valid_launch_pair,,,1.0,,,,,
5TfqNKZbn9AnNtzq8bbkyhKgcPGTfNDc9wNzFrTBpump,launch_older_than_30.0d,2025-10-02T18:07:07+00:00,high,6.0,,,,,
3j92g6mygEzuQ25Atdy8xPsScH7hsn33PjH31ZqP61Rg,no_valid_launch_pair,,,1.0,,,,,
8116V1BW9zaXUM6pVhWVaAduKrLcEBi3RGXedKTrBAGS,vol24<200000.0,,,16.0,,,,127203.86,127.20k
ASmUr4adadqzfVKqpycu1sXwgXRb2rkuUyEmDayLWz1k,launch_older_than_30.0d,2025-05-14T21:22:59+00:00,low,1.0,,,,,
7hWcHohzwtLddDUG81H2PkWq6KEkMtSDNkYXsso18Fy3,launch_older_than_30.0d,2024-04-23T12:49:25+00:00,low,2.0,,,,,
8FtafPHhmYVtKQYrbNs4ZSS2Hwykw5dJ3t1JtGsC5yBx,launch_older_than_30.0d,2025-09-18T07:17:37+00:00,low,1.0,,,,,
9JErKCoJX7nmMsYvicoZfEdTdW1qiF9oeocHWyKLmoon,launch_older_than_30.0d,2025-07-04T20:40:48+00:00,low,1.0,,,,,
9BB6NFEcjBCtnNLFko2FqVQBq8HHM13kCyYcdQbgpump,too_many_pairs>8_and_older_than_30.0d,2024-11-07T19:35:59+00:00,,30.0,,,460.27,,
6Jc7JsWnjLMvpwJ1yaRacH75v91LnAjhpLkJ8FdQ35i7,launch_older_than_30.0d,2025-07-10T18:26:06+00:00,low,1.0,,,,,
7cyAGa4XsNDnSgnFuwmVFgp9JGqZoZYkiVyFPSke9CuP,no_valid_launch_pair,,,1.0,,,,,
3uqRfLzkCFMdoa5QeR7xCbqJtgoEy57d7tGrC62upump,no_valid_launch_pair,,,1.0,,,,,
Fa7ZE9nCEYnrHsnoeHuhEExJpchtrBtKXnWe6CgHpump,liquidity<25000.0,,,1.0,17300.49,17.30k,,,
FBbnzHwJ1WHYwP425cqMNb2t7o7sm6AXQjsQ3sZRpump,no_valid_launch_pair,,,1.0,,,,,
CkxNwo5L9FXCiR6gr8EfepVwx9ePQujJ2YEporLZpump,no_valid_launch_pair,,,1.0,,,,,
J5XxXQueFp1Har8GYa69N8Jw9yAG6r9VKujhAFaTpump,liquidity<25000.0,,,1.0,21571.02,21.57k,,,
DezXAZ8z7PnrnRJjz3wXBoRgixCa6xjnB7YaB1pPB263,too_many_pairs>8_and_older_than_30.0d,2022-12-25T15:00:24+00:00,,30.0,,,1143.46,,
8uWKtwMCunqSVYJP5NkDFK38sE5EwT9HamWNYdHxpump,liquidity<25000.0,,,1.0,3231.39,3.23k,,,
21PPnqzCS6iYbX8Y6DwTXp5i8pc1e5kp7WN64waGjyem,no_valid_launch_pair,,,1.0,,,,,
QAVD8W8aoP43xt98h729RXaENQE9jPJGMgsSLbqpump,liquidity<25000.0,,,3.0,5056.89,5.06k,,,
5aXvqBnSrdFHCYGahU7qTT6T5gEptiPbRWYK79sXvX9u,liquidity<25000.0,,,1.0,551.61,551.61,,,
7pj49oiWJuRM7VFCqjEbZE59ZkhW8k4qM7Na4QHDpump,liquidity<25000.0,,,1.0,3059.84,3.06k,,,
4CBToKTRKfBsv8RMfzMr6VfKQ8PLRYeG6RFGZmq4pump,launch_older_than_30.0d,2025-09-16T14:44:24+00:00,low,1.0,,,,,
GcpFW1iBk46yxEvPqvdxAN3ic8SaQ7wW1ob4Jabmpump,no_valid_launch_pair,,,1.0,,,,,
B7KLfqPQP4tzymbUqnAU3bJF1JKTMgH643HxMo9j2F3W,no_valid_launch_pair,,,2.0,,,,,
9kUMMm7gMZ1HjXeCP3fP36FJwyZRk3AGSMTdN1Ffbonk,no_valid_launch_pair,,,2.0,,,,,
FsXJHch6cj9TyZGm1kfMwt8S8oATCEr6ccqWFp3Xpump,launch_older_than_30.0d,2025-11-18T10:47:43+00:00,high,6.0,,,,,
2wTDEK8Cad8xVrdcGHaLrXGLfjiEYPtwpkHkkJ9ppump,no_valid_launch_pair,,,1.0,,,,,
4McM57x6hzkeuBkHZpXWxzWR2qc1DqYfKe8QeJqApump,no_valid_launch_pair,,,1.0,,,,,
2ocYd9f3564zUL1j6zUi8FR6Rn4Yo76BvXoZwLYASYFR,vol24<200000.0,,,2.0,,,,155421.81,155.42k
oobQ3oX6ubRYMNMahG7VSCe8Z73uaQbAWFn6f22XTgo,launch_older_than_30.0d,2025-11-12T14:49:27+00:00,medium,2.0,,,,,
FaDs4fnggDKo8Zkw3aVhYJsFGA2tF9YJ9GS4FzkZpump,no_valid_launch_pair,,,1.0,,,,,
6Buk7uWwr76DESh8RvQ5fukfgJS2i6kPgXBm6hm7bonk,no_valid_launch_pair,,,1.0,,,,,
GWqpvVxyBFqsz9VBJxG4jTuA2w3DDCtCNCNiYyrspump,liquidity<25000.0,,,1.0,4720.86,4.72k,,,
3joMReCCSESngJEpFLoKR2dNcChjSRCDtybQet5uSpse,no_valid_launch_pair,,,8.0,,,,,
2eaLkDB39ja8WczpoHrkvxmxJSp3RcsNRJS37ZwPpump,liquidity<25000.0,,,3.0,3777.6,3.78k,,,
2b1kV6DkPAnxd5ixfnxCpjxmKwqjjaYmCZfHsFu24GXo,too_many_pairs>8_and_older_than_30.0d,2025-02-16T22:56:45+00:00,,24.0,,,359.13,,
Egtoetiw3pKRNSzwgXZRWgMCbUSZmb2qPVwP2w8BoAzw,no_valid_launch_pair,,,1.0,,,,,
8vVHBmASTSFAYEFNQg3qxQQJQ5vBoAVRWYsdgEahpump,launch_older_than_30.0d,2025-10-08T11:03:23+00:00,high,3.0,,,,,
7JA5eZdCzztSfQbJvS8aVVxMFfd81Rs9VvwnocV1mKHu,too_many_pairs>8_and_older_than_30.0d,2025-07-28T21:55:25+00:00,,17.0,,,197.17,,
4CoTCzobYt38zVbSieZxcmz2CCs8kmZJ6wnbj8HWocto,no_valid_launch_pair,,,1.0,,,,,
EkJuyYyD3to61CHVPJn6wHb7xANxvqApnVJ4o2SdBAGS,launch_older_than_30.0d,2025-08-06T22:26:12+00:00,medium,4.0,,,,,
FtqSEVsHZphkJez6rJ4cbGmqxo17s571NQr3ANuk5tQS,no_valid_launch_pair,,,1.0,,,,,
GB8KtQfMChhYrCYtd5PoAB42kAdkHnuyAincSSmFpump,vol24<200000.0,,,4.0,,,,186565.2,186.57k
5BPAFGsrzKqp3U4MMjJP6mQdDErK9UeqqeopajS6pump,no_valid_launch_pair,,,1.0,,,,,
xGGpDanR4j94CkvRmJTHg56Q9vy51DmYPYyRaQzpump,liquidity<25000.0,,,4.0,19966.61,19.97k,,,
13pypVAuxC39r3kM7iSz9q7JRHnTKZYLa1tUxYvNpump,no_valid_launch_pair,,,1.0,,,,,
CgCQRGcLv89PPi491wwHXAVy4mGvqeukad9Xg6Qdpump,no_valid_launch_pair,,,1.0,,,,,
6kpkGEZD35xSyvqJbJrQW3XUtpQG8wrJhXmNLt9mpump,no_valid_launch_pair,,,1.0,,,,,
7ZAyuqYJifHQ8pKBrdtEpmYF7xUc5BacumocATXpump,liquidity<25000.0,,,2.0,5573.97,5.57k,,,
H6qnGp5anYgMJYAaPXKSqKVYa6mKDrn1ruAeK5Dmbonk,liquidity<25000.0,,,8.0,1519.75,1.52k,,,
Ej47F4UxHb78mWaHRtLGuFGRvAmR4sXjEHeZvZbWNn53,launch_older_than_30.0d,2025-08-10T03:18:52+00:00,low,1.0,,,,,
3mdgfdnCuQ8GTGEhNKVcSNQLzAT3kyGrsKv36K7npump,liquidity<25000.0,,,2.0,12149.84,12.15k,,,
7BFqwMuJhDoriLVtWX2YsdWvvn24b9YVpvtsNk4BkK2J,no_valid_launch_pair,,,1.0,,,,,
BANKJmvhT8tiJRsBSS1n2HryMBPvT5Ze4HU95DUAmeta,too_many_pairs>8_and_older_than_30.0d,2025-10-18T17:00:18+00:00,,16.0,,,115.38,,
GcNvTPYdVHYozoQ3LK3iqHToikkymES88WYKcU8Npump,no_valid_launch_pair,,,1.0,,,,,
9UH1kH11xPtXeUmhM4XSQN3qfHCY3xMj3Bn1ZYZrpump,liquidity<25000.0,,,2.0,3885.15,3.89k,,,
Z4ML2uUvx8M7u8Fu2dsV1WkCFhy1Pane6pRTtknpump,liquidity<25000.0,,,3.0,6172.37,6.17k,,,
7YJKyvKavGQhCaU3tdee73KKGbmFnV8HKX9La1Dnpump,no_valid_launch_pair,,,1.0,,,,,
7ZM6rFkUfrptAT19EEJeNyBeDB6cHdePRNys2G6AAan8,vol24<200000.0,,,1.0,,,,66.61,66.61
PRVT6TB7uss3FrUd2D9xs2zqDBsa3GbMJMwCQsgmeta,too_many_pairs>8_and_older_than_30.0d,2025-10-10T15:02:58+00:00,,20.0,,,123.46,,
DPLKEMVrfu3DxWo4psBvp9hQXyH21qLuLQAEDusCpump,liquidity<25000.0,,,1.0,6236.46,6.24k,,,
FjHr7WHq9vYqtooJT89Q1v2cWzqk8UXfuF3WLknMpump,no_valid_launch_pair,,,1.0,,,,,
5JcdnWEwuHh1v3SAARq8zH9tEwDQGpaHzBrZ81m4pump,no_valid_launch_pair,,,1.0,,,,,
27G8MtK7VtTcCHkpASjSDdkWWYfoqT6ggEuKidVJidD4,too_many_pairs>8_and_older_than_30.0d,2024-01-11T19:26:31+00:00,,30.0,,,761.27,,
5TATk16oMrt4vsMR8WwQ9AtiPeosdJhXFkp2UhGJpump,liquidity<25000.0,,,2.0,14483.28,14.48k,,,
J3NKxxXZcnNiMjKw9hYb2K4LUxgwB6t1FtPtQVsv3KFr,too_many_pairs>8_and_older_than_30.0d,2024-10-13T04:08:08+00:00,,30.0,,,485.91,,
4RJ7sSAbTjfVAja4gnQ1NbuXDSr4XB17L5CAtxfzpump,liquidity<25000.0,,,1.0,9327.72,9.33k,,,
CTJf74cTo3cw8acFP1YXF3QpsQUUBGBjh2k2e8xsZ6UL,no_valid_launch_pair,,,1.0,,,,,
DLScRnWofxiYGqnvZWGy9Gt98MPqKdznaK4TRukxpump,no_valid_launch_pair,,,1.0,,,,,
B5WTLaRwaUQpKk7ir1wniNB6m5o8GgMrimhKMYan2R6B,launch_older_than_30.0d,2024-06-02T19:00:40+00:00,low,3.0,,,,,
JUPyiwrYJFskUPiHa7hkeR8VUtAeFoSYbKedZNsDvCN,too_many_pairs>8_and_older_than_30.0d,2024-01-31T04:35:25+00:00,,30.0,,,741.89,,
Ef3r5znnLoRo8f4y4igG8dfsLdG5Hr7takkrRwVDpump,liquidity<25000.0,,,2.0,4206.27,4.21k,,,
F9CpWoyeBJfoRB8f2pBe2ZNPbPsEE76mWZWme3StsvHK,launch_older_than_30.0d,2023-04-30T11:57:39+00:00,low,7.0,,,,,
XvFtG2reYTFsHBG6fwFuRq65iJ6msrTmPoZdEjgpump,liquidity<25000.0,,,2.0,3575.84,3.58k,,,
2tUfyxgW4sFCNm72bNw5ymG1Adknkp9NL5jcRyVjpump,liquidity<25000.0,,,1.0,3203.9,3.20k,,,
SYHH8DS5tmqPqbbydG5cDiB3Djhiw7wgPyvunB7pump,liquidity<25000.0,,,2.0,4343.08,4.34k,,,
2NQYx7No73XRM6ZB519PPD8S1QJvvLoN6P7sVNRbpump,no_valid_launch_pair,,,1.0,,,,,
DAAXmRU9KUEuyqF8VuddbcL5X4QhQ3tTDMYxDbNgpump,liquidity<25000.0,,,1.0,5548.07,5.55k,,,
EzuYfXeHAk5DDHsviEuop7cGEMLL2QzGhAUiUGX2bonk,no_valid_launch_pair,,,1.0,,,,,
2mokigmDcTtY8qccPQ835KLFPtQs67o14DHZgaNFpump,liquidity<25000.0,,,1.0,3553.79,3.55k,,,
5JUrCuxL99bE1gTrih5Q4bqooEWVVafefbhZRUdrpump,liquidity<25000.0,,,1.0,3179.53,3.18k,,,
2ESXeCDXA7yzLWyqCdpWhFWz2ts43dNiij4PMm6FtByJ,launch_older_than_30.0d,2025-01-20T07:22:14+00:00,low,1.0,,,,,
31k88G5Mq7ptbRDf3AM13HAq6wRQHXHikR8hik7wPygk,too_many_pairs>8_and_older_than_30.0d,2025-05-01T12:08:25+00:00,,23.0,,,285.58,,
Cv49WtV7mRP7w872D21BxtM9bjPAYYwL9JUi3DGjpump,no_valid_launch_pair,,,1.0,,,,,
2Zaq3WyDJj2ZkMcuqUiTBfAXCjqZtqihxcwUdwv9dyHA,no_valid_launch_pair,,,1.0,,,,,
ES8TCHupuhBQ6HFMC86X1Ms7doLH3VVz3mpKmR56pump,no_valid_launch_pair,,,1.0,,,,,
F7FjenqxEcs8aEXnP4MHbstZKNwiEs6FHnWhYH2Xpump,liquidity<25000.0,,,2.0,10993.81,10.99k,,,
EWy1HPEUq4Lgm6H4pQ8augEuJ7WRwJgENZMTAUzrpump,no_valid_launch_pair,,,1.0,,,,,
85ymfLLfeyYA9wV1PorpLBW1pprWfPgnm3cMEx5ppump,launch_older_than_30.0d,2026-01-03T23:41:11+00:00,low,1.0,,,,,
4431hoJq343DWxrYmbJeniyKnRiavJe6eqQjVJpw5REV,too_many_pairs>8_and_older_than_30.0d,2025-12-22T10:28:01+00:00,,30.0,,,50.65,,
F5FifUDKoWYFf4WD7X7bkNEPXUBKng5u8yDHx16gpump,liquidity<25000.0,,,1.0,4844.16,4.84k,,,
dog1viwbb2vWDpER5FrJ4YFG6gq6XuyFohUe9TXN65u,too_many_pairs>8_and_older_than_30.0d,2025-02-14T03:55:08+00:00,,12.0,,,361.92,,
2tbHkvuJnaG1X2U4VXvKTFsvaoW2cZ2W4iM9ZmdYmoon,launch_older_than_30.0d,2025-04-11T23:16:28+00:00,low,4.0,,,,,
4L9FtxiTfU5FAiSmG5PP1QdndZxf6xf2pCGHPv5PvHFB,no_valid_launch_pair,,,1.0,,,,,
6McTgGvn8SQr7SmjqPcwNbc1f3FRWCjq9tfZjvvBRceL,launch_older_than_30.0d,2025-10-07T01:44:12+00:00,low,1.0,,,,,
CU6YUYachXvVqvrxZhjzFCaVpaPXePj6U9heezqZPsb4,liquidity<25000.0,,,1.0,0.0,0,,,
8KvoBfxiPiVp9b9mxSFZHpJdX9NUtbmNFhAGggLDpump,liquidity<25000.0,,,3.0,20065.6,20.07k,,,
9MC8pnMmgMVDzZS8SnQv3WGPa4uUPp9z5GD9tBiMpump,no_valid_launch_pair,,,1.0,,,,,
6JvpHB2ngA7br2V1JoC7nU8J1MS7Zf3MRcGFcGaBpump,launch_older_than_30.0d,2025-10-15T00:01:48+00:00,low,3.0,,,,,
CpZHPSkD3es6X1BiVLFRCMBMyoTxxgto9xnqc85Npump,no_valid_launch_pair,,,1.0,,,,,
BM82tSM4GCZdg6Uiv6AvR333Pk1P9bZYfwFBRUzbpump,no_valid_launch_pair,,,1.0,,,,,
cz51ZCejLXjfpCNytS7Z5MtFJZVxiRD1rH8i8mYpump,liquidity<25000.0,,,2.0,4049.86,4.05k,,,
9iJej1XDu1GkyRZEKnB8T3dFuDtNinDZc6kodb1Apump,no_valid_launch_pair,,,1.0,,,,,
2akXpuyFXAVN5YofZpZMfBp2Vxognpmv9NooBMuHpump,vol24<200000.0,,,4.0,,,,172783.12,172.78k
Ej9enWwuP2tzUoDxjNd5ASX53k3Mi8x3BFWWKzH9CXF,no_valid_launch_pair,,,1.0,,,,,
C22UZ97Pyqpshz4bdfkE6E2PB3yjhx5NHRD4mdncpump,no_valid_launch_pair,,,1.0,,,,,
EbjqUR8WJhiAsc1geHe916aPqRDvLcUj86kSdRFHpump,no_valid_launch_pair,,,1.0,,,,,
9MCaWcXJRhCBxaYmqPwmdfqY9qxVwo427wYJu2MjWoyC,liquidity<25000.0,,,7.0,7.85,7.85,,,
GuZU2z9Ve8CZ7F8VjU4azf4JZdq3m5ZpnZ8XLQMEpump,no_valid_launch_pair,,,1.0,,,,,
71PRorgBhSScKJHj8naGwc2K62kUPQkZ7BT3L6uupump,no_valid_launch_pair,,,1.0,,,,,
HuuXuqZ28pAcaT6sy3auQLsRYfeMrLAjsJ5adzFWxhMq,no_valid_launch_pair,,,1.0,,,,,
8fDMrDPC3rURJcff8daZzjsWk4XeT1UXBFyyjDxUWhm1,launch_older_than_30.0d,2025-07-20T18:16:47+00:00,low,1.0,,,,,
DDtXARjuwSPRE16Q9yPCTH7s2ZgCM5SoBbsd5kiApump,no_valid_launch_pair,,,1.0,,,,,
6NnvPFAemhAS2LLQa5KvvqwiafwhiXDKwV62i5vNpump,liquidity<25000.0,,,2.0,24664.53,24.66k,,,
9FQmiSsKeH1b2G5TgANYssAuZ1sFawUj23wVtT4rpump,liquidity<25000.0,,,1.0,12684.45,12.68k,,,
6eGXjNaoa1gg8ohCii8iUiqhjgRQbPCwah6f1db4pump,no_valid_launch_pair,,,1.0,,,,,
5SVG3T9CNQsm2kEwzbRq6hASqh1oGfjqTtLXYUibpump,too_many_pairs>8_and_older_than_30.0d,2024-07-12T20:52:16+00:00,,17.0,,,578.21,,
JEAufLYxjzZ5NazqFGKuEMGDoybWEh7V63AowSWnpump,liquidity<25000.0,,,1.0,3199.68,3.20k,,,
DtWH9MWWEo4R8tqnEoethergvCjQm3iGPR34YhySpump,liquidity<25000.0,,,1.0,8136.9,8.14k,,,
84ETtR1k8SsZifVSjd6FvxTnK19W3Dp318A6xpQApump,no_valid_launch_pair,,,1.0,,,,,
BrKvsoy1VhMxgtiHYryhRjWuwmQ5uPesFfVPbnTXpump,launch_older_than_30.0d,2025-07-10T07:28:43+00:00,low,1.0,,,,,
7SYuU1Z6EKfpYQQ9VeTXfLW5ofhigdn8Y7iQsqoepump,liquidity<25000.0,,,3.0,22950.34,22.95k,,,
3e4xrSSTTpkut2PMeCUKKyKmpDjks7c98RpzfCSRpump,no_valid_launch_pair,,,1.0,,,,,
7JwLLcQtz4ogroetrsg322vMThctv7u9eyWx2ngCpump,launch_older_than_30.0d,2025-12-20T17:59:55+00:00,low,1.0,,,,,
DDYGVcdTQQ5iL776dL4Hb6q2SjB196YBD9Be6rzJpump,no_valid_launch_pair,,,1.0,,,,,
6YdDyLQ5RnKpjcVFCKVe8GURVxFsAVhXwArW9wrRpump,launch_older_than_30.0d,2025-12-13T04:04:10+00:00,high,2.0,,,,,
9u5HdmkQMQ9sY3sHrVsFCd5Xw2ZjHnBjQfw8oJa79gti,liquidity<25000.0,,,1.0,13538.77,13.54k,,,
8Uc8xtvNGtwdNGpcyyXR6qa4ptoKa7c7jKSRuiAe4Nsn,liquidity<25000.0,,,2.0,18271.43,18.27k,,,
DgeAHqUNnT7dZCbaAbnWrTrM5DfXRggEZyCptcepump,liquidity<25000.0,,,1.0,3132.39,3.13k,,,
DRLNhjM7jusYFPF1qade1dBD1qhgds7oAfdKs51Vpump,liquidity<25000.0,,,3.0,21428.09,21.43k,,,
CnFP5ivkq7WX4ihKKx2P8VbVzZAveDBkTVGSRZPrpump,no_valid_launch_pair,,,1.0,,,,,
299XwCopfifHHoE4UsBC2SrAa63dzppk8gv7rh3CpG9C,no_valid_launch_pair,,,1.0,,,,,
FTkj421DxbS1wajE74J34BJ5a1o9ccA97PkK6mYq9hNQ,no_valid_launch_pair,,,1.0,,,,,
BUtyEh7mmkhxZ9rWSUrb8okmv69ZguoYPZDNejyqpump,no_valid_launch_pair,,,1.0,,,,,
3CNE6yeTiEkGiaHpQ4XxhZks1KJeqTsFePPith3VBAGS,liquidity<25000.0,,,1.0,6348.3,6.35k,,,
4vh28zh6mSHfccHB3bGZizBcRRwb9FetPKLy46ZSpump,no_valid_launch_pair,,,1.0,,,,,
HdHW6EdvfjABn63BK3mzRTkVdHXS8vBXHPU3aKiJpump,no_valid_launch_pair,,,1.0,,,,,
Dz6XdY9YgHVDQ8hDUFDQh8fVNf4WdBRkFPk8Ubirpump,no_valid_launch_pair,,,1.0,,,,,
GbFRC87imrSRLZr2kEV98ntduUnyuddVRTMVs9VCxUYa,no_valid_launch_pair,,,1.0,,,,,
5ZHhxHdcyYwGjG7SecsFbpWu7Xs5gxdicimRuC23pump,liquidity<25000.0,,,2.0,4199.24,4.20k,,,
6LJqVALEGdafyDLrAS2sixhTgQuezeyMdMkAyJHbmoon,liquidity<25000.0,,,1.0,8772.06,8.77k,,,
6VQiK6wNoeeQ5osVw2CrQGh5wAoRvJEVMbEQGoWppump,no_valid_launch_pair,,,1.0,,,,,
EKgUxSq2ucFYwaoGfwz3sUpqDepky2vSfpr7jCEGpump,liquidity<25000.0,,,2.0,23117.25,23.12k,,,
3jUf2RTyXp867piSB2dt8uUcNiLDW58asjGtXkRAkBbe,launch_older_than_30.0d,2025-07-10T12:17:57+00:00,high,6.0,,,,,
7qVSkAd3q4jitpECcnUqJTuoiSVMSRJEVy46aB3bwtyj,no_valid_launch_pair,,,1.0,,,,,
C2EeFTK2ymdoPYFbBYMTTmdpUhRt7grZLErAhdQr5d2e,no_valid_launch_pair,,,1.0,,,,,
68A5x4DqxSjnhWFfVybLynXFkgK9X8ZGrNr1S3QYpump,no_valid_launch_pair,,,1.0,,,,,
HXvQAQwytoLngKWQtge3oJnLHsaLwTxPbX48DctLpump,liquidity<25000.0,,,2.0,16891.31,16.89k,,,
9C8RUC6arsAp4vZ5abN942U2oHaWBJNLmQ9M8QeDrEQr,liquidity<25000.0,,,1.0,0.0,0,,,
Gz1tBPf8nHJDpcj1miindMDPc7JHNbQytUp3dW4Kpump,liquidity<25000.0,,,1.0,16590.75,16.59k,,,
6wuiwrntryBJv6U8CvUEmJBN4GtVSYnxEx9Vtc3Vpump,no_valid_launch_pair,,,1.0,,,,,
EMAGfmV5bMzYEtgda43ZmCYwmLL7SaMi2RVqaRPjpump,launch_older_than_30.0d,2025-11-06T20:03:31+00:00,low,1.0,,,,,
Z4KACzcxkRzT7htPqnNsNLtH7zoDDzDFQR5sMJ3perp,no_valid_launch_pair,,,1.0,,,,,
DFwxYdmfLJsPTyrNJCapGadF58Y74e2TFpVAyhbgpump,no_valid_launch_pair,,,1.0,,,,,
8467ssuj6Gkw15ABv6BvxJAKnGJALXJu6dxDxt4upump,no_valid_launch_pair,,,2.0,,,,,
53aFAv5EBnwSRqA13aZSuoSorid1tkHRZpTvXjoopump,no_valid_launch_pair,,,1.0,,,,,
MSVX7wWZVEL1VXHTMVfguKVfqCWE2qVcF1pw4nqpump,no_valid_launch_pair,,,1.0,,,,,
9u2zKjA8ccZcESLAo5VJnG1fQJru9xkQ7grTnVgnpump,no_valid_launch_pair,,,1.0,,,,,
Dj5UtTuPVx6Hrkzp7pB3tDZN8ecUupXsk3sywFV4pump,no_valid_launch_pair,,,1.0,,,,,
GVT6GP22s27p6ghMnmxV2ftgQMk4fKG6pHbmtWmxpump,liquidity<25000.0,,,1.0,4686.34,4.69k,,,
5uwCU1cfz2jreUrM8L4oXsqiSVsKAxD2hsUSVZsJpzq1,no_valid_launch_pair,,,1.0,,,,,
BgNuhimT99WmuKSa7F5znCcsDoXQ6MsX4MWxz8LUnRTs,no_valid_launch_pair,,,1.0,,,,,
2zMMhcVQEXDtdE6vsFS7S7D5oUodfJHE8vd1gnBouauv,too_many_pairs>8_and_older_than_30.0d,2024-12-17T13:00:02+00:00,,30.0,,,420.54,,
6NyVW33AGDZuT1XZPR9PQq6a59NGRoCxYuu47gGkpump,no_valid_launch_pair,,,1.0,,,,,
4DnDGf99rKbBjwnN9Cy6FcGyTtH6ptMpyD4KvFNsbrF8,launch_older_than_30.0d,2025-10-07T01:36:12+00:00,low,1.0,,,,,
BAfCyAUQhSeYUebeD9kbDSixsSoBmNy78M3KaEaF6rwJ,liquidity<25000.0,,,4.0,15826.38,15.83k,,,
BwUTq7fS6sfUmHDwAiCQZ3asSiPEapW5zDrsbwtapump,no_valid_launch_pair,,,1.0,,,,,
4CbbJVFJBvrJCN33VothrWAHoeJ5Ki22bV7N2cFjpump,no_valid_launch_pair,,,1.0,,,,,
HLAfhK13cCnVifLEwfQxdVvYqFSc784p7ECvC9Q4pump,no_valid_launch_pair,,,1.0,,,,,
DCZrGrW6JYAvGpL5Ck4yJkMst52XTUyYFPYmPXdapump,no_valid_launch_pair,,,1.0,,,,,
ACeWC77UeW2DBZMe7YBsuXoxLvk4dHMnPzneApau1Au6,launch_older_than_30.0d,2024-03-26T11:58:28+00:00,low,3.0,,,,,
HsxcpQ8QNmwHSmmHkqKVbUZaFWBdEwwMNxuSQv7ppump,liquidity<25000.0,,,3.0,9916.32,9.92k,,,
ALDC5HMXryoSM5gnNDh66Ebh8y92nKFspxxrRDBZpump,liquidity<25000.0,,,2.0,3575.0,3.58k,,,
88YScTZYmYDgoreo41xnYFbTfutHahPwAVQXknPpump,liquidity<25000.0,,,2.0,4118.92,4.12k,,,
8gHPxqgHj6JQ2sQtMSghQYVN5qRP8wm5T6HNejuwpump,launch_older_than_30.0d,2025-06-25T13:57:13+00:00,low,2.0,,,,,
J8ARib2hhS6hb8fL3HrCSCL9Rrzfxh6t7Rr3TX4Apump,liquidity<25000.0,,,1.0,6498.99,6.50k,,,
DNknLK8DXgqETKExN5oHgi2HKUewhiCoYkWtdJcTpump,liquidity<25000.0,,,2.0,6.54,6.54,,,
26U6dX6PPPwen1jwJNV5ecX7u9vvMkfZL47u6bdjpump,no_valid_launch_pair,,,1.0,,,,,
9vYu1DgTvV1W9exa3QoWyfCxDi9YfLPp515wAPaeFMLH,no_valid_launch_pair,,,1.0,,,,,
H8eM37zPUkmv3pQSUfg2pn65E7ZZ6KSdGADNWaiXpump,no_valid_launch_pair,,,1.0,,,,,
21AErpiB8uSb94oQKRcwuHqyHF93njAxBSbdUrpupump,no_valid_launch_pair,,,1.0,,,,,
gascG6zg2dDQM5eWDohJdjq4iuLZU3QZ5kS9bKSpump,no_valid_launch_pair,,,1.0,,,,,
8JPzfwto4Pu1WwiHKSVHHNe57dh5RHqLYLQra9vpaKsW,too_many_pairs>8_and_older_than_30.0d,2025-12-12T09:30:43+00:00,,30.0,,,60.69,,
3NHALGJDPHt8LaayDEoPVMhAMGLxp9cJRazM69NHpump,no_valid_launch_pair,,,1.0,,,,,
4Rh6gt3edrEGuePyXEx53tn8p58N8jGeQtR3rBebpump,liquidity<25000.0,,,2.0,0.03,0.03,,,
Gju183N8tEq91Rf5AbbNESobjJRRmtatkuidLrfopump,liquidity<25000.0,,,1.0,3787.77,3.79k,,,
7Sir8U9MEU1CUJWwpQ43oQ3XcoEXVXCNEMwFWEGPYvgk,no_valid_launch_pair,,,1.0,,,,,
7J6si2i3ynFEFb7SAvjqjioR7VasVcwVisGZo78Upump,liquidity<25000.0,,,2.0,2944.99,2.94k,,,
8gsarSg98sDGTZ1ym6HacmJ4G8HLigdKeXUstPrFq5UF,launch_older_than_30.0d,2025-12-10T14:20:41+00:00,low,1.0,,,,,
HPcqUHCSEdVSoeHF29KEEwSkY4skXYdgjMQLLBfrpump,no_valid_launch_pair,,,1.0,,,,,
2LX18NbaA8nAJqPvHvhCMP4eUhsGHdCyvkoFqCxKpump,liquidity<25000.0,,,2.0,6233.37,6.23k,,,
HRsTTwQn6FuC347F1k8V9NpfQSY9JfDEiwh8Cxuipump,vol24<200000.0,,,1.0,,,,80075.55,80.08k
2E96NQiJZy9FHFFMRpfMF3Gqrvn4TjB1e4fhi9gbpump,liquidity<25000.0,,,1.0,2973.86,2.97k,,,
BFgdzMkTPdKKJeTipv2njtDEwhKxkgFueJQfJGt1jups,too_many_pairs>8_and_older_than_30.0d,2025-07-03T04:20:21+00:00,,21.0,,,222.9,,
GteBWrDef9dEHdLKV99DGdiconnFpCf4Ab2CqjVbpump,liquidity<25000.0,,,2.0,4055.48,4.06k,,,
5f4FwVk1saTR3m69bySe3KTnQfig4NJtFvwzeemPpump,no_valid_launch_pair,,,1.0,,,,,
AkqyPWNseVKUrUx6uaVRYyzKWCQAeSB8FkRaMZjbDmgZ,liquidity<25000.0,,,1.0,15647.28,15.65k,,,
As8AEbZw5yhYzNjFR3A9WhpUyg6zrPPjZq3Vf4Bkx6p6,launch_older_than_30.0d,2025-10-02T23:30:35+00:00,low,2.0,,,,,
HgjsRKXCWMbQztH6ajsEqFqLntb79B9N4kKZw1bYpump,liquidity<25000.0,,,2.0,8384.16,8.38k,,,
6g3rhd4KG3wUeVHJCPvtw4ihbvPfyUrWJQkNWJ3rpump,no_valid_launch_pair,,,1.0,,,,,
J7CSmbyCco1Mz4AhCvmPRrCbXesXYxDwaZCuvpEYpump,liquidity<25000.0,,,2.0,12562.18,12.56k,,,
BF9hnLcdbxvCAA1ApeHpjtZQZNxofXpLWeehdNG7pump,liquidity<25000.0,,,2.0,3567.79,3.57k,,,
39Mzpdw7NDGiXmZZGWiCdR6Nzoc7muWuYkPsVDV4pump,no_valid_launch_pair,,,4.0,,,,,
962AZRCREMf6HZXzkiQYGeoowdxiC1KLS4JUa5bDpump,liquidity<25000.0,,,19.0,9262.36,9.26k,,,
5ZBcMj9AoMX8GW4JkZuQ8mn6GokAn61BFujNfg23pump,no_valid_launch_pair,,,1.0,,,,,
HDWtsFrpCtcXUE73vgirnURDutnJxudENySFQX8MBAGS,liquidity<25000.0,,,1.0,2841.52,2.84k,,,
3yr17ZEE6wvCG7e3qD51XsfeSoSSKuCKptVissoopump,liquidity<25000.0,,,2.0,20660.05,20.66k,,,
J6x48ZXsaaXnBfv16wzXCcHU7fWB9ER4kpog2qqcpump,no_valid_launch_pair,,,1.0,,,,,
BvAHkKFN44uHbyvxxaMKEBHa7BHivwNwnyFNWjLYJKjt,no_valid_launch_pair,,,1.0,,,,,
oreoU2P8bN6jkk3jbaiVxYnG1dCXcYxwhwyK9jSybcp,too_many_pairs>8_and_older_than_30.0d,2024-08-07T14:53:45+00:00,,30.0,,,552.46,,
7WFELYQ8evY8bZVqa24Y6jNvDGBmTm8WL5v7vmySpump,liquidity<25000.0,,,1.0,3085.82,3.09k,,,
HrSn4QPYeNfTihtJqRBuoui1BF8AHaTr2QqE18PXpump,liquidity<25000.0,,,1.0,7490.77,7.49k,,,
H2qnKgZyFTWSAii2Pr6wbC2qF8ynM2u3hkQZq3ezpump,liquidity<25000.0,,,2.0,5124.44,5.12k,,,
BBKPiLM9KjdJW7oQSKt99RVWcZdhF6sEHRKnwqeBGHST,too_many_pairs>8_and_older_than_30.0d,2025-10-22T19:44:17+00:00,,16.0,,,111.26,,
4c29mjhQt8nLLh712bYy6eumT4gxxqSdqaNaB6K4pump,liquidity<25000.0,,,1.0,3009.85,3.01k,,,
GQRL9Ni45k1eNdB5SSCWPsXMPFKwb5gEQxRXVenwpump,no_valid_launch_pair,,,1.0,,,,,
orcaEKTdK7LKz57vaAYr9QeNsVEPfiu6QeMU1kektZE,too_many_pairs>8_and_older_than_30.0d,2022-11-28T02:27:11+00:00,,30.0,,,1170.98,,
GLr5eJLtvMyYyXHE627JbWoFwgmuaT8YpvdQxxxKpump,no_valid_launch_pair,,,1.0,,,,,
AgYVbX4CueNVrBAXZh84DoFQtZhG6wpi3JgXHyCKpump,no_valid_launch_pair,,,1.0,,,,,
H1D53UqCPBBjtyXcFoEpWTBaJiZDY9pwLjduAMmqpump,liquidity<25000.0,,,2.0,9955.88,9.96k,,,
3wscazSDNPGP3PjDqxGYkGAMjEGs185SPm2Bk7Kypump,no_valid_launch_pair,,,1.0,,,,,
CQkgAQg5qCor8UMee5s8SzGkpjoYxCxrNzUuhwAnbonk,no_valid_launch_pair,,,1.0,,,,,
9zMSA9pLWnH56WMUHGMskE7CYRZgrRm6k9JSLjah815s,launch_older_than_30.0d,2025-05-31T05:53:02+00:00,low,1.0,,,,,
CZ4GdC4YX2hxfgd8UEpVycQvWV4KQsG8wrXpQdVYpump,no_valid_launch_pair,,,1.0,,,,,
9QgAGw31grDkpUgsYQiYLTPbrGXMXMGjhiPM6mLjjDsQ,no_valid_launch_pair,,,1.0,,,,,
5bpj3W9zC2Y5Zn2jDBcYVscGnCBUN5RD7152cfL9pump,no_valid_launch_pair,,,1.0,,,,,
HTJKotaFtAmc66UuWHqxnr6Z3tdMWWEn5mP6X69SLKYB,no_valid_launch_pair,,,1.0,,,,,
2fRUbWAhoe1G7gMLhcsN6Cy7hCMt7MX364gGo68Ypump,no_valid_launch_pair,,,1.0,,,,,
wQXEwMUkWqXtxGJ6TRuKq9kTUnNoydwq2EG5gk7HBp5,no_valid_launch_pair,,,1.0,,,,,
2sHbuP8ePdPgA54dxHxjNvRskMipL7zdxvwxXbhBpump,no_valid_launch_pair,,,1.0,,,,,
2DAWpDUcgVFSS8to37kGSUruWHuT1YBdy76DNZXJ9kRG,liquidity<25000.0,,,1.0,0.0,0,,,
7Pnqg1S6MYrL6AP1ZXcToTHfdBbTB77ze6Y33qBBpump,launch_older_than_30.0d,2025-09-11T02:03:28+00:00,high,6.0,,,,,
BftUiGB2iDkNDa8AKdhtLuJHHXiUfqLvTNmiXaSopump,no_valid_launch_pair,,,2.0,,,,,
DwVjviCNNdgbzk3ZSwthgK7AkVK6WSZf6LPtjxPrpump,no_valid_launch_pair,,,1.0,,,,,
7FuxQY4C7jdGV9LzRvZS6iPmA9Vkpo7AJpdgFqMipump,no_valid_launch_pair,,,1.0,,,,,
4DBnTa47Efka4xBvK3uWCX97MR3S6cyzpDpomknupump,no_valid_launch_pair,,,1.0,,,,,
Bk24co3f6ePhQN6coQ2h2B4oywriqRUQcsfXP1hsBAGS,no_valid_launch_pair,,,1.0,,,,,
HygSdmBC9QwGy2tJMiE2eJPQKfVLjw4nmTkzbP3ypump,no_valid_launch_pair,,,1.0,,,,,
2fQJdfDw1M4zfVjVQgmPLc3gvF9wrDPb3D99jbFBzTLD,no_valid_launch_pair,,,1.0,,,,,
9AxPVCaExUCsKY4vJS5GVtSRVLWms7v7KLVbaXvnpump,no_valid_launch_pair,,,1.0,,,,,
73sZKNtDdszKwpPSkJJJRSFSKzfF4LmtHA6Ksnhxpump,no_valid_launch_pair,,,1.0,,,,,
ELh36k6WtFJLxaorPhNHLLUBLqWBTrsxyufA3cG9V5CA,liquidity<25000.0,,,1.0,0.0,0,,,
3HdkbH9YdFCYmctCtZNd8iDacD1crZUGJM3vwQEtpump,liquidity<25000.0,,,1.0,10679.77,10.68k,,,
EvXkXJcf9ZieNL9CVmBV4bj7E6WP9pv13U2jpv3UFkyX,launch_older_than_30.0d,2025-01-31T18:24:03+00:00,low,1.0,,,,,
55gc2Gpm9reDpXyrRNGNrbZroJYWmcnLyuSiLGKfpump,no_valid_launch_pair,,,1.0,,,,,
2nP9yKQNSGQy851iyawDvBkzkK2R2aqKArQCKc2gpump,too_many_pairs>8_and_older_than_30.0d,2026-01-10T01:04:57+00:00,,9.0,,,32.04,,
7xKXtg2CW87d97TXJSDpbD5jBkheTqA83TZRuJosgAsU,too_many_pairs>8_and_older_than_30.0d,2022-11-28T02:25:10+00:00,,16.0,,,1170.98,,
3yLPvouBmCga4y2At28WrX664bwLL5QSP7DK2hNdpump,no_valid_launch_pair,,,1.0,,,,,
ytqgq7pjuGvSXx2nXU2SaEABguznbxdhBXHbno7LscL,liquidity<25000.0,,,3.0,9185.21,9.19k,,,
DPgo26tLZXdNfB24ahP2LTXsxSPxvxPq7takvavppump,launch_older_than_30.0d,2025-10-07T01:35:45+00:00,high,7.0,,,,,
31iagFDxMagFW98HjvFNS7eoRdwLpnzC6YJ4BhRMvxMh,launch_older_than_30.0d,2026-01-08T11:08:44+00:00,low,1.0,,,,,
4HBQm2EhdpUWZkTYxttxNDnsoWi5beRAGWHpjVo8pump,launch_older_than_30.0d,2025-09-17T01:49:01+00:00,medium,7.0,,,,,
4h2Z9otE36h5vRrqV3uu2ntGmv2igtWFQkEXcZCopump,no_valid_launch_pair,,,1.0,,,,,
5dggsZWR3YpqkWbKmo8WsDpTvmrxxokscNmnayXABAGS,liquidity<25000.0,,,1.0,12423.98,12.42k,,,
jupSoLaHXQiZZTSfEWMTRRgpnyFm8f6sZdosWBjx93v,too_many_pairs>8_and_older_than_30.0d,2024-04-16T20:33:16+00:00,,26.0,,,665.23,,
FRySi8LPkuByB7VPSCCggxpewFUeeJiwEGRKKuhwpKcX,launch_older_than_30.0d,2024-07-31T13:36:02+00:00,high,7.0,,,,,
C29ebrgYjYoJPMGPnPSGY1q3mMGk4iDSqnQeQQA7moon,too_many_pairs>8_and_older_than_30.0d,2025-04-24T15:06:26+00:00,,12.0,,,292.45,,
FDFNPnrYrhH51BnL853e2MqqA6gdbCLgRWs1SZeerPvW,liquidity<25000.0,,,1.0,0.0,0,,,
4DKrVbxq7wyjRR8DAimMHPbFCiXV2YsuivaAJB37pump,liquidity<25000.0,,,1.0,8659.77,8.66k,,,
vHuyCuEGewLpphvWnTdGZ32osKHPAeimLsA8aajpump,vol24<200000.0,,,2.0,,,,184578.24,184.58k
9223LqDuoJXyhCtvi54DUQPGS8Xf29kUEQRr7Sfhmoon,launch_older_than_30.0d,2025-09-03T22:10:27+00:00,high,6.0,,,,,
C8P52pUawr9R9F1rrTLrVT8kcVgrFEf4AMpmtsk9QzjG,no_valid_launch_pair,,,1.0,,,,,
2ZUqrgQasnaiGSpGoDdWBRvFpcSNGho3Ew3T2vZKpump,no_valid_launch_pair,,,1.0,,,,,
9yvV3JQPjTtVZ96ZqEuNSWgxg9NAx5Es4JEhAEGxpump,no_valid_launch_pair,,,1.0,,,,,
4FRmUB3JFWZZcAZvj7CxMoY3QjpNe8NjBe9YKVnepump,no_valid_launch_pair,,,1.0,,,,,
8mRJKrweb64srPFVMQjVv3mzKwvfohNRT6yDGn19pump,liquidity<25000.0,,,5.0,6434.56,6.43k,,,
2cmRLAb93k44jxwhtyVVsfggfei6qBbujEcA5vKKpump,liquidity<25000.0,,,3.0,11526.05,11.53k,,,
4MVGGJqAe5Pmb8yvc7LfKibBVjqdWrd1nMyeripvpump,no_valid_launch_pair,,,1.0,,,,,
2TYxRMnnPDQVjSbyrhaZz4AvUsAeVNbBaxQ2Hmhr9ooo,no_valid_launch_pair,,,1.0,,,,,
D67BSPqECWv8GEozzFT4KCMtT9aFkswK5fC3oeBBbonk,liquidity<25000.0,,,9.0,1919.91,1.92k,,,
9UUSD1mZKAP2B3gSCU8FenG8mL7qU2Vmts8zT82qpump,no_valid_launch_pair,,,1.0,,,,,
B6bUxxo2iFGvDX22haBotdtMNf7QjzRxnvxASZfLpump,no_valid_launch_pair,,,1.0,,,,,
E6iJy9adw4kBpsCuL1dZuVXndskhAwfqoR2i3SW7du4n,launch_older_than_30.0d,2025-10-02T05:55:55+00:00,low,1.0,,,,,
4ghr2NiBmHfFsEKsby3HTMof8oLcrvt59GuK8pT8NWwX,no_valid_launch_pair,,,1.0,,,,,
Hthz6nkB37mAMMGmxQ3mstuT54gQ1Knv9dk8iB9fdoge,launch_older_than_30.0d,2025-11-25T16:33:38+00:00,low,3.0,,,,,
GNk6UDSxEWLtg6pzPHzQNXC61KdZhkryVifYcE9h4H97,no_valid_launch_pair,,,1.0,,,,,
J7LHYtNKnML4ejEHmkHAiSVVWquQiM7UhyUobP7Npump,no_valid_launch_pair,,,1.0,,,,,
4MTGHefqt6mNAbjHKXZZ5ugdhHdbQR83TMJyrwv4pump,no_valid_launch_pair,,,1.0,,,,,
HjVfy7QBbx57J2QB9TwNAVK6oCxEEkk2osGvxuEuZKjD,launch_older_than_30.0d,2025-10-01T13:59:38+00:00,low,1.0,,,,,
HDhMcicbU4cad3tQ2KwWyf7XnmegsHcy8qPU6gsnpump,no_valid_launch_pair,,,1.0,,,,,
5cD8c5GkoUoruCzBZueo3p2wC4kb2aEHaKbNWf3Jpump,liquidity<25000.0,,,1.0,3517.73,3.52k,,,
DAFdakKAEvB6GtJgnDk1LC1QK4gQrtTK3eKUZtAJpump,no_valid_launch_pair,,,1.0,,,,,
Ao1eFZtmEe8XkgdcZ6a3gBWgGorAS1MYWUPrKFZJpump,liquidity<25000.0,,,4.0,13316.69,13.32k,,,
BRbKrgzYhiDQFh2F99jCijoFN4wa47BjbEFth19hpump,no_valid_launch_pair,,,1.0,,,,,
BchJ7KsJgutMUSzt8BbiG1xLrjRNBGyhf26gQSYApump,no_valid_launch_pair,,,1.0,,,,,
DBssaktHLV2wFCT7N3d35PG7c9WoXpfFW1FN3sgNpump,no_valid_launch_pair,,,1.0,,,,,
5qzJEUHFUfAzuhPAUQFHVP5Zfu8Pedm1vMuvMEoNMQF5,launch_older_than_30.0d,2025-01-19T20:28:43+00:00,low,1.0,,,,,
a3W4qutoEJA4232T2gwZUfgYJTetr96pU4SJMwppump,too_many_pairs>8_and_older_than_30.0d,2025-10-13T01:43:44+00:00,,30.0,,,121.01,,
6xHk9h9JjKmQ1G8CDfatm2Sg6Jvj3tcvje3Uyr1Upump,no_valid_launch_pair,,,1.0,,,,,
F6QoH8WfU67V7xP7fnTHGpkR6xdegLUcPGjSLsGQmMD4,vol24<200000.0,,,3.0,,,,185317.37,185.32k
svy5ErijNYy9hEVzxknCdwWdZ3NeXJTdpb9Ndnso17f,launch_older_than_30.0d,2025-12-13T12:55:59+00:00,medium,5.0,,,,,
4ZWbQNXLvEx7tD97Xit3aZ1onweCM3xQrCAeLCPcbonk,no_valid_launch_pair,,,1.0,,,,,
FoQF1tnEhoowZirxFRP98NWfZy2LaQBWZWekkhEwpump,no_valid_launch_pair,,,1.0,,,,,
Dy1ivgY9oFK73AR13dRQiHSzRDpyy22tcFL7JLbrpump,no_valid_launch_pair,,,1.0,,,,,
D1E1JQ6CnzgdwdFtWyPewSEXNfrKS3BE1KbDWSLm8eY4,no_pairs,,,,,,,,
6UYGvu8yjki6PNKd8KVXRiwd7FJcD86kHcUaNe9apump,no_valid_launch_pair,,,1.0,,,,,
4jETEV7nQobdtB48Q92eAuHT5vYuY6ZpzN9fW2Jkpump,no_valid_launch_pair,,,1.0,,,,,
EFEWM7puFAWrBYU4zdo6JcbaViuiYNK2tEcDRBQypump,liquidity<25000.0,,,1.0,20264.15,20.26k,,,
9FjQqEnJF59KBAG7JMkdtUKap2fmgwGy5os5vAG7pump,no_pairs,,,,,,,,
5TcwTnpmvBv6CZAjzceGCAoR3KubRvtoz86TZoePpump,liquidity<25000.0,,,1.0,12483.16,12.48k,,,
29mrJXetcokRXQyV3exkkJAHTowdtPUWX6sDzP2bBtfZ,no_pairs,,,,,,,,
DUPzkNEQX783bBUR2UezcxQgpJEaXyLeveetwykX1Zj9,no_valid_launch_pair,,,1.0,,,,,
CFERUbYoSyxoAiA9FCS4R4at5Vvr3o7mzRr1GuBupump,liquidity<25000.0,,,1.0,3645.13,3.65k,,,
Gsgdt619UkGUtS1bASdcKrJHnKT4zxT6XbrDpy8Fpump,no_pairs,,,,,,,,
AJ6LteCLXmQrRPmwDj1S1dN93Fm41hHmiJMKtYDW7RL4,no_pairs,,,,,,,,
4zuNe16W1vtXTuVtiJp9TpigsfJ5tmwpnV7KabX3j3Hb,no_valid_launch_pair,,,1.0,,,,,
HkRTwda8UHu8gEW2KZRwB3i9sGHF6dD1kPx74pbKUikh,no_pairs,,,,,,,,
H7oNrjmLRjeUm1fZpsVaDDGqSzsr5JPXgsj55dA1pump,no_valid_launch_pair,,,1.0,,,,,
GbPN8P9ufU6aRs1TG62zK4Ffy1mgHtYvrK2Evi1opump,no_valid_launch_pair,,,1.0,,,,,
4zfmiYcpSgVGXk5LEKHxdCFU1pRuAGCr7vYVET8kpump,liquidity<25000.0,,,1.0,4284.79,4.28k,,,
E9RZX2mZC2rx4zt7iNvn3ub8CbbxR4TpBcGtXd5vpump,no_pairs,,,,,,,,
UBxp4bXujJ8wZZpShsBG84FdGmm75JjYDcraxJcpump,liquidity<25000.0,,,1.0,3354.68,3.35k,,,
Gpae2TCtJm9foGfCPM4FiA7g2jYeWVhBwXE7WZbupump,liquidity<25000.0,,,1.0,3560.64,3.56k,,,
DGbv4w3Z5tF3uncXBHtpKm1ue1Bp8KnX6xFMnu1kpump,liquidity<25000.0,,,1.0,3469.66,3.47k,,,
8MajMbfSRxgrZRWbC7mMf8t1RMCD3hBTM4Fr5nT4pump,liquidity<25000.0,,,2.0,3765.95,3.77k,,,
4FUNdGBb5UFaaMU4pECMpyT72ziLcTCzK5oe6uzupump,no_pairs,,,,,,,,
8sfdEHfPjXjKXvgDZpnaXLwXdTZP1KkZF7uEwTxhpump,no_valid_launch_pair,,,1.0,,,,,
DxtXWabbiRSuRqyHctrcA13uPDu8z2nb8LhmSpCFpump,no_pairs,,,,,,,,
DJGhRLsQC8XbWy3JAxcu49EDSGboz8iZ2nxKV1ZXpump,no_valid_launch_pair,,,1.0,,,,,
HzGa5kxMXnQnm534RYiwfefT429EkG7NvC1CKwzTpump,no_valid_launch_pair,,,1.0,,,,,
7H53TALvj8C7saMpmRed3suLrtsKRJJTwyyLRFrkBAGS,liquidity<25000.0,,,1.0,13351.56,13.35k,,,
EYtL3rHhiqUn6z7Esi4Sq2LM8SQZyPdDNWfRKrqbpump,no_valid_launch_pair,,,1.0,,,,,
9Fq9bZXSrTaJZ5YPvjGTGYEUdeEXFUszoUqZBn1ppump,no_pairs,,,,,,,,
8CFdByHPT8LXzVQrkez8KVR21ostCQgodFhRPeWxpump,no_pairs,,,,,,,,
BmwWiZsJifhUTGsm2fU2agbaAcqY19bmtoHShj7YyJtH,no_pairs,,,,,,,,
5JBetdetbrQn5VCc3UENAiVE9rVpTypx6S8BBhVqpump,no_pairs,,,,,,,,
C4yw7HCURvSaG3jTCFPGFrT2b99qMLECHQXBLds6BAGS,no_valid_launch_pair,,,1.0,,,,,
67eUHRqVzqYvszHdh3FsgXR2ndwWwLaNUsmuUnniBAGS,no_pairs,,,,,,,,
21uKENKVuecXQjD8tHRDyqScbi8G2FJaTX1aKgFNpump,no_pairs,,,,,,,,
2dwMZMAQnbnAHX9LNTDf6zift1HL4jucEw92XnW2pump,liquidity<25000.0,,,1.0,3215.56,3.22k,,,
8GobyUWTAhePKa5Pxrn8qivvRXq1pjtBzRNERRtDpkin,no_valid_launch_pair,,,1.0,,,,,
CRSj4Z1hMCYeda81PywoZpvvyrfSqMA43RzAw81ipump,no_valid_launch_pair,,,1.0,,,,,
4MvVaxfFTNwRy97JFysKv3vTvgtMm8zS97z6HqVfpump,no_pairs,,,,,,,,
DALddkQK6BWC3fLNbtY3chzWGVTzABYwzkHrvAuupump,liquidity<25000.0,,,1.0,5796.53,5.80k,,,
6Cw3Xq8TqHCc7tbD71VnH8oSesrTzUB9EuMSkogTpump,liquidity<25000.0,,,2.0,3542.88,3.54k,,,
9NZDg544XzqN8yA4Q7ZaCoYTSDwYi2uHWqqcNtoQbonk,no_pairs,,,,,,,,
8jcy3PdfhgZf5cNHFW89jXLHS5UHfBma6oxyfcu91VKu,no_pairs,,,,,,,,
AvxTaarrJXafVAJGBH4qbCWDpowmk75ERH8WpdJFpump,no_pairs,,,,,,,,
HrityvMGTgqRNELViW8j9MEosVrDNqdVKHDBh53Bpump,no_pairs,,,,,,,,
ES9LmhPWra6Mhi1ez4NPPtmpDpga3ryUQ1EW289qpump,no_valid_launch_pair,,,1.0,,,,,
ErdYkyHeAHMFuojEmPrEUu6L636EuxFqqPNXxtL4bonk,no_pairs,,,,,,,,
2btAqDDj8JedytkFeYYm8hjs5H3U9H8YCFDUBhaVpump,no_pairs,,,,,,,,
6csbmriS9a6GiRi4gZA4nzmRwrstpyA3HXXzo9Q2pump,liquidity<25000.0,,,2.0,4394.53,4.39k,,,
HYBTcDoZ6s2bFQE3JyBC5oHFvFVhGRWz6CuWvChZc97U,no_pairs,,,,,,,,
6h89B6ghHU2gNWLZkb3Bn7dT9Ltg7eMzyqwAEpm5pump,liquidity<25000.0,,,3.0,6513.03,6.51k,,,
7SfX2BdeAedsTtdar53b9B8o6h25Yb8hxmUMycbFbonk,no_valid_launch_pair,,,1.0,,,,,
EQv6n2TB8UP962kTVCHwCnjxufkREUXMsWUBXuHGpump,liquidity<25000.0,,,2.0,8826.83,8.83k,,,
FjmJCvP7UKYC41vzupD49BPpWugSNDphY2CLmPubpump,no_valid_launch_pair,,,1.0,,,,,
FBLsUx8FNzmsogu5es8bNv1y6pgzjB4SpzEPP256pump,no_pairs,,,,,,,,
AUyqYGu4BAwZAxfVQct6J7UiNc3BDQ5TrVQUBogBpump,liquidity<25000.0,,,2.0,3677.11,3.68k,,,
Enr4nbqp8iLDxpV23rWmZLktmx85pWwU3oe79eycpump,no_pairs,,,,,,,,
3k9zv8s8FsNmqzGSyYx6jyeipHHoyRxAZzgf5EgXpump,no_valid_launch_pair,,,1.0,,,,,
64KPgoFtBofztefx6vB2JBJq9S9Lv83YGApZBkeYpump,no_valid_launch_pair,,,1.0,,,,,
2dxznDoLxmQqpppsMTYAR6RkxbJGt9LzjUFizBXipump,no_pairs,,,,,,,,
3Ww4Z2TkZV2vMjD168WHK1fSXG8BPudeAxvRBeVupump,no_valid_launch_pair,,,1.0,,,,,
3Gb6zJrSHckDXsFfbadthLdQbrHjaXBVkFvQeE76pump,no_pairs,,,,,,,,
3iVQNQ78cBNKcmbN3U7Nt6e8pT3gpeH44YjWzD8Qpump,no_valid_launch_pair,,,1.0,,,,,
39FDiuEZ72nJoZgbch5yR8ceymu8ZwaKF5Co3Psma28F,no_pairs,,,,,,,,
5ad4puH6yDBoeCcrQfwV5s9bxvPnAeWDoYDj3uLyBS8k,no_valid_launch_pair,,,1.0,,,,,
D2YzNDT9KZDrBzW89cex1mZQuLnDn3eSCfT14wa6bonk,liquidity<25000.0,,,6.0,361.34,361.34,,,
8EdbeVa6gWbcWz92WLbVBAdBdwpaQzLVoXKRDt9gH2ad,no_valid_launch_pair,,,1.0,,,,,
BtSFgqQFhXyh5qMQikTZ9ngHDhbpdhrrcXE5iJ2cpump,no_pairs,,,,,,,,
3MPHpAm5gM5zVx9cqXKxmgx5dLeJdTpuz9EnR4VLpump,liquidity<25000.0,,,2.0,16940.15,16.94k,,,
G1vGybZAWWia4aC2ENWt8dKd5WZh7UHmUcegzRfEpump,no_valid_launch_pair,,,1.0,,,,,
ELYN1fSowRdqX1XcaEALKtWcsxHcR9NMw3VgccaDBAGS,liquidity<25000.0,,,1.0,7487.61,7.49k,,,
DqKoXCLnD5DqzwNocDTeNtBBEpoGMigX8rqj4yMmpump,no_valid_launch_pair,,,1.0,,,,,
9JRnzmU5TfKbhrDthnQPGx4JzkCge19xHSHwzR73pump,no_valid_launch_pair,,,1.0,,,,,
9ZZJYYB76wrfBH7oJ2SmhaTadWkwxUbxUW3im5mnpump,no_pairs,,,,,,,,
9kkCDGSUC8Bv5hyPhwBNRKwg4YMfuJVYoCgCi1GLpump,no_pairs,,,,,,,,
2XWd9N8hSAVkGrjBKYe5rFbYc6z6zTJnSqDmkaerbonk,no_pairs,,,,,,,,
38J598iDrT3VsQLbvfYsE8Kjjjpa4V63dKfuwrjgpump,no_pairs,,,,,,,,
BKUUMVEJdbFQm86xZsVE5sGjxL4xAZPkwhQ6R1zYpump,liquidity<25000.0,,,2.0,3083.8,3.08k,,,
CjrxuuPi8UQyFomJUBK6VfYHt3QYeibVukv2QJmDpump,no_pairs,,,,,,,,
8kS3v66xtYZ8mF2MH9SSD7o9Wi3ujt6wzPqy4Bq1pump,no_pairs,,,,,,,,
Ah7Ku3zC49iBSLVbDkc4FeeWNFRCcmyAhgvRMgpgpump,liquidity<25000.0,,,2.0,4208.08,4.21k,,,
2doscoTja6vXiX9NPnHDE4WtCbxA8ArnSTzKmEhPpump,no_valid_launch_pair,,,1.0,,,,,
3SjuXfswcez6HFSeKLtDRXaxGFiHCDnj4sgSQaxcpump,no_pairs,,,,,,,,
ByUjy8E8ig2drbTr7RNWHyx7xVGakKbQM7a2zC92pump,no_valid_launch_pair,,,1.0,,,,,
MARMWgCFaRNF2LNqDyk5m65d6NSnWRD9NqjH2WgUr8R,liquidity<25000.0,,,1.0,2887.32,2.89k,,,
4Um7i1bosqHauyZmpSoRXR5iEXHnKYkEbdWEJwmXpump,no_pairs,,,,,,,,
CPwsANnDBaPF1jrYPkix372JoCtcWeBCH4ctEBapump,no_valid_launch_pair,,,1.0,,,,,
8p7Ug8nX29pJxnjQDnrpLuZfFJ8arSNUnSaQf6WMpump,liquidity<25000.0,,,1.0,12485.69,12.49k,,,
3dg6u6B1ED4ahtKNFwNouknUtFGFPiuxkfDVWiXEpump,no_valid_launch_pair,,,1.0,,,,,
5W7b4tt2W4HDMmQKV8VgWp3uEaVJYgbu7wiofwQFuk3f,no_valid_launch_pair,,,1.0,,,,,
DfBPxKdBYgdfQWin2V2MbRDhuaBgHpm9gN1Go8eGoqud,no_pairs,,,,,,,,
FAwagvVzpBbzPGgG5xxRRr1jAFkfuoJXX8kuSMY2pump,no_valid_launch_pair,,,1.0,,,,,
2LYTMGch89RabgQsCnzgMRiFLuzXi8rrnYqQRnZMe7mx,liquidity<25000.0,,,16.0,19858.21,19.86k,,,
93X8m5xtqnLgn31NcquJ7VHVkaTkrgyzb1mvTvY3pump,no_valid_launch_pair,,,1.0,,,,,
CAFXRaF1ktEB4k8G37iFtSrcCQfqQiV8qZfKoaSABAGS,no_pairs,,,,,,,,
7XayMh9qDWdtZeNcRN9pC9N7kesDAUmKG3c5Aq4qpump,no_pairs,,,,,,,,
81dBPhhhHv29ofAfUff51TnbYWDzcrU5AGzeGZAjpump,no_pairs,,,,,,,,
2kYq6BP2SZMsnEDJhmMkyWPj6z1jXJ4iAnyy5H3tpump,no_pairs,,,,,,,,
HUYfLPmec6RkJpK4NksEAZQ2oc63YvUuELmHUC2CW5DW,no_pairs,,,,,,,,
6Uz2zrQRSyyPUmbuJMpP2bn86CgnESvod6yUPMefpump,liquidity<25000.0,,,3.0,6384.42,6.38k,,,
49RKfMfm5triiDHnCve6D7oDjBHabNEwjgBoFCub7XgR,no_pairs,,,,,,,,
2VKnhgfJ9Y8oweodrzaBbr1iENn8CGtZ7suTksNxpump,no_valid_launch_pair,,,1.0,,,,,
2yxoNCyX24H79tqb1mh6Z3MggbCTDwza3fvAQauwpump,no_valid_launch_pair,,,1.0,,,,,
HigYddh17tP8nThxfHcgLMXFPLLDG34RKqwPasMopump,no_pairs,,,,,,,,
86Th1TuYHyfPjqrNw6Zf2YuoKH8uVEqY5BD3DFPRbonk,no_valid_launch_pair,,,1.0,,,,,
B1RB6i7gvxYoyx8Us1eFrJxr7DZv3RzLmBHdfPwDpump,liquidity<25000.0,,,2.0,18323.16,18.32k,,,
6DYVUXdxqKLoAhKj8y2fpi3jE7dNEqzj5yLqTHqtpump,no_pairs,,,,,,,,
9sjnm4M4mysze57KceSo3E4QvNpYhhpsQX3nFUnypump,liquidity<25000.0,,,1.0,8488.41,8.49k,,,
DgovLGkqCaknVvw5Z189UbFLSHevuGKaKFCVW4HYpump,no_pairs,,,,,,,,
HwWxbmvmcF6TEAye8wAkpdvP8qsxiqBS2g8F34Nkpump,liquidity<25000.0,,,2.0,2964.29,2.96k,,,
J4LyaaFreTtGfHSxZcEEaPcD6vyA8zMJaxHJi8izpump,liquidity<25000.0,,,1.0,3442.83,3.44k,,,
7na5NF5hR4mDSiyWjFThR9hD6npBaSHP1sz4pA6Gbonk,no_valid_launch_pair,,,1.0,,,,,
C6tyoN6cutRSvBDzQotyJC8k6ws8P8an95Fi83TGpump,no_valid_launch_pair,,,1.0,,,,,
7tyzDraPHEKQWW5nhmyGD6PKfd2CAyxTrxQFUhARmoon,no_valid_launch_pair,,,1.0,,,,,
FMLEMoY6SGCdpUJtru3gUrNaVjXAigVd8ewPcnuKpump,no_pairs,,,,,,,,
CR9xm5G1FrjDEb13WiHBxpqBCF6UiuHjWGx5EXpSpump,no_valid_launch_pair,,,1.0,,,,,
92LpQwRxf5saq5h7dTabzQyFJPaEyqxQqr2h3td5pump,no_valid_launch_pair,,,2.0,,,,,
2ZCMb9FYE5kifSnHeydExRSLyFnWwUcsUSKFsWuTpump,liquidity<25000.0,,,1.0,3388.37,3.39k,,,
9yrjW2ZhxB1t738E3ATFYyyXUBPJUL266hZFzJEYndgL,liquidity<25000.0,,,3.0,0.29,0.29,,,
4UyvncrWSArhppyqjBfKcouwb1ockKxhvekP6SFdpump,liquidity<25000.0,,,2.0,9733.42,9.73k,,,
BEVTHt18AFG7ZREkB3vUrnD2fe5qRRdnveZnDfWwnHn6,no_valid_launch_pair,,,1.0,,,,,
5JSiDb3o6S5bvJK3iz2DvwkceVHApnoM5JjtSBTApump,no_valid_launch_pair,,,1.0,,,,,
558yaziWUN5GfBzvNBFCBJ1NuBAtsJUganHvAF9rpump,liquidity<25000.0,,,1.0,8526.33,8.53k,,,
AxxpAhJw98BQWXhMQJxV8hYb65YGcHdfzp7VMUdxpump,no_pairs,,,,,,,,
HUzCPuGGdAJ7ybWu2xBPgjCLsL2i9RXduwTmDFq1pump,no_valid_launch_pair,,,1.0,,,,,
Cy69WetHGMEhYvV9k8Z534dzacA5FAnyNgnmHLuooMBX,liquidity<25000.0,,,1.0,1.43,1.43,,,
CRFP7x3LuYKX4HjwLknNX2rU2dvbRcC7hg6EcgQNbonk,no_pairs,,,,,,,,
88UweYzEAGVFAdjFwjhyPtSHhQf8SwSy85hh5vu4V2Hj,liquidity<25000.0,,,3.0,0.36,0.36,,,
64KrgBaPoa65o4aVeLF2R3gKkGJQ3eYb5DW4CbySN2Wm,no_pairs,,,,,,,,
FCUXQoNbqiy8rHMT55SKeRTx44CFR49VQtQbRvWspump,no_valid_launch_pair,,,1.0,,,,,
9eGeQ99DnSyfAXpQbkDedtT3jPP7k4zKCPDyzCH1pump,no_pairs,,,,,,,,
HAWeo64iLDWm7ARF9oayjaHQ71JH5F8x2uyrqzAspump,liquidity<25000.0,,,3.0,5622.59,5.62k,,,
Byk4oJWDPoMmstkBanL6172gAqAgfdwBT899DtFDpump,liquidity<25000.0,,,2.0,3104.5,3.10k,,,
75w2r15VG9fDVNk1ZZ6YtvqCScyfQNEseqD9StXApump,no_pairs,,,,,,,,
14Szej6g9xHeBCfnWurg6g7SjeaTQtF2puXDHmVTpump,no_pairs,,,,,,,,
6FMBjhebwbsHrWoK7Af9H36Yj8rC9hGGTRSbUv7K25Em,no_pairs,,,,,,,,
Eyo7338t2pHgSA8v398soNgKgGtYCoTV4bF4fq36bonk,no_pairs,,,,,,,,
HG8qtpKpSQ8uPrCBDbWohnT9sh8s5S7oBYzvBwVFpump,liquidity<25000.0,,,3.0,5680.39,5.68k,,,
5pFuF3whXfGiGLhZDquhTKX8FyCUiRxyC2Hqqjw5pump,no_pairs,,,,,,,,
9xCgSa922YVfEaJZjfxx13pCF6Wdwz25VvwqG2wSpump,liquidity<25000.0,,,1.0,4386.44,4.39k,,,
3eLJJVFw4iuVxWv3HdN6HY54kDTb4zP9AG8N8S9gBAGS,no_pairs,,,,,,,,
F921oXEgPA98veMC7jvCggbqf9AQQKViLG6wi3vGpump,no_pairs,,,,,,,,
7M7rnprK4ZsKwYjmencvkqJ6i3d26NPMjnXGx8q56ndZ,no_pairs,,,,,,,,
9EE4cwanwoFS6rkbvCeKgAtR5KHGRoQSNHzCs8zUpump,liquidity<25000.0,,,1.0,3401.72,3.40k,,,
Cy4shREyKsw6a2PQUj2WuvaaHqcqQgXK5UPRP37Dbonk,no_pairs,,,,,,,,
HaKhQHdAvyWHfBV6N5J17qJ1JBuwXHTWcVXaRbvApump,no_pairs,,,,,,,,
8oyXveuhfcpzxNkcNjXbmT27oQwec2cDtszX3BRhpump,liquidity<25000.0,,,2.0,5313.73,5.31k,,,
BBYXvYCWdZH5rXDybnXKyPmdqi9yzFXdwpQPCRxBbonk,no_pairs,,,,,,,,
9s78KabgJMcHYEmwVxQfyWbS9r8cLGqV8iGGb1Dcpump,no_pairs,,,,,,,,
6VaZ4CKhhkUzCFAUqJb7mm3xHqXBzxd7vkVbpK3ppump,liquidity<25000.0,,,1.0,7150.86,7.15k,,,
GGd1WfYyQaJQZ2VNhqNcrQbXRnUYgTTWeG5gBLT8pump,liquidity<25000.0,,,2.0,19954.18,19.95k,,,
4JnTMWkCJQbX6Y3dcmmiebTmAJGY9ZMxWrcw6Yztpump,no_pairs,,,,,,,,
6nGyxQdcHfswtHYgXBd4bxLySRocaXzXUV5pW6dxpump,liquidity<25000.0,,,2.0,3104.84,3.10k,,,
DxWeNWCKf8vA5NEeAgFn2G8NfV7fo5XAAP57ednAbonk,no_valid_launch_pair,,,1.0,,,,,
HAy3cgtk5AbxeGfdvDHfBUbf2bC6Dp8Uq9u2M6qVpump,no_valid_launch_pair,,,1.0,,,,,
DyupREv4twzpdFAR6rx8cnz3Q9BjgonpjrJe9dQypump,no_pairs,,,,,,,,
6P2izsT3DXjc4eu21CGH9jYyiydApmNzWcoWYe4Xpump,liquidity<25000.0,,,2.0,3653.16,3.65k,,,
7qKBHaXuKAu4SpyB8Gh4hcjFVMpGsC1xKoPWgU6rpump,no_pairs,,,,,,,,
AFNYAkDgJNz9NZJvpGYLkTuChzpp3NscyVth7oJMpump,no_valid_launch_pair,,,1.0,,,,,
2phM87wSsFo8vtAh47tgy9TkP3wuo7p2cj2csy1bbonk,no_pairs,,,,,,,,
nXJdm5sAKugMHezTB6J4hnCZpiNHxkc3Jnsyj9epump,no_pairs,,,,,,,,
CekBTfmyfNUq1C37EW6B3j4QD5k5jMD7Sx1jQSU9pump,no_pairs,,,,,,,,
BDXLd3UtkdzEHHbCRViDSR89kJQHVxjQYr8tEyX2pump,no_valid_launch_pair,,,1.0,,,,,
7FxFNQT2GZ5jYiXmhchihUWPugj3bHJQ9J2UxWFopump,liquidity<25000.0,,,2.0,5083.75,5.08k,,,
BFVc5stuCutQzvR2dB3kXtWLmMAnNJygCvRhYmmTpump,no_valid_launch_pair,,,1.0,,,,,
CavNpnVUumSYvMRAqM7n6aUKVMuQgpqatuLRyreLpump,no_valid_launch_pair,,,1.0,,,,,
SCQ2ZqApJ378WCqNe6FAkqVsccVwkM6NPQJqiGcNdto,no_pairs,,,,,,,,
6ghy6te3p3nz6ZmxZE78jDbRwvgQCn7mPAzBtHn6pump,liquidity<25000.0,,,4.0,7799.84,7.80k,,,
EFbfL9aCEX3ip9YB9d8S5HvSokdsUwyv1zE5nFZMfGsZ,liquidity<25000.0,,,2.0,0.3,0.3,,,
8N8T6mZnCgE7YFcLXngY82po35iJ9ePhxes8W5Ysbonk,no_pairs,,,,,,,,
RnwMzw94PK6ZdsmqTrsv4uyWsUQDkgsFqs6pLkdRnkW,no_pairs,,,,,,,,
HMdBAbxyPPkLAfqMaFz6UAYM5Ytx1ris9M3i9gWApump,no_pairs,,,,,,,,
7soqpgjvvF1cMn2xVHnGbSZezCdTjMoqHotLEH2Wpump,liquidity<25000.0,,,2.0,15504.45,15.50k,,,
4Vf6CUnr6z2Cjs6yDB9tirBEwmSTLWNKtZotzRCnsend,no_valid_launch_pair,,,1.0,,,,,
Boecow5w4ga85pWUgSZnjbsZDvaymyL3Sy3PAUeYBAGS,liquidity<25000.0,,,1.0,20344.75,20.34k,,,
F9C3iqf5gUUGVYzFGQzkjBoCeKdV3b9t1PUfHY8idW8p,no_pairs,,,,,,,,
8AtiUNQNCGvunqxkqpUZDy1XBizr8vx5BwtCgLB3bonk,no_pairs,,,,,,,,
3abDvZffAMEYu7ifyJTKE6Vu9ZhJMVYnb2JfKjhMpump,liquidity<25000.0,,,2.0,3120.61,3.12k,,,
DCkJ7pPM5xcui376V1ekV61TJEZ6xmQU8yco1Km3NCBA,no_valid_launch_pair,,,1.0,,,,,
8cuwezuqTh6UhiGkNywUDH7akuTCdH3k3iDaXnmfpump,no_pairs,,,,,,,,
CCrmufHVaRqHwtq1aRvWNKoYL8ckcYW3aiAorY23pump,no_valid_launch_pair,,,1.0,,,,,
FK75x1cS2G11b91uJhQsBdRBmz3ECciqB9NCJiXeBAGS,no_pairs,,,,,,,,
2NzuRQX5uhoENSszPKjX7pdHTxCr9V6ZVmfgVnhEpump,no_pairs,,,,,,,,
9czRMUvHp6pfvYtNNYLC4GZ25X7WhaEh9j1qikQXpump,no_valid_launch_pair,,,1.0,,,,,
9ieJtsTwhzZtdeN3L4noBovqnqVYc4KvrPAXiSTJpump,no_pairs,,,,,,,,
7k8SSpE8xfSS5iacFNfReZkCG56g4aYXYL5rx9CMpump,liquidity<25000.0,,,2.0,3830.93,3.83k,,,
5fN3pcZiyLJVY7NvzkHTLHRyjETG3NRrQXEaPFoRn2D2,liquidity<25000.0,,,3.0,5533.55,5.53k,,,
Hfy9BnAG8FaS1ra6ATiZsfFSFkMmsahDK2SKVAcJpump,no_pairs,,,,,,,,
53hDSUkngHBmZUDrbyLgHiS9TeZubffcio9inAn2bonk,no_pairs,,,,,,,,
FrzjAy5HzGUq4sXvmhmEVcUmzrsf759kQCjgxVGapump,liquidity<25000.0,,,2.0,0.13,0.13,,,
6gLHy9Rsg5qnkkHbrgpBeB1xTWZashEMBNMcMSD7pump,no_valid_launch_pair,,,1.0,,,,,
3o6duAMvwWeb42ns7Sz5NHHTp3jMRsBjtnuVRBGPpump,no_valid_launch_pair,,,1.0,,,,,
FBp8c3JTP3oMkY6aUoxgvYLXw7jFow1rsq2UkRHkpump,liquidity<25000.0,,,2.0,4307.9,4.31k,,,
56J4jQ8fMjD6KpUdojJipyEWcpJnbdJ8DJZbyDyepump,no_valid_launch_pair,,,1.0,,,,,
5y5EG74XyAQwBmYJsYp6Wt7tMqdEFRBa5xJTMNW4BAGS,liquidity<25000.0,,,5.0,13210.64,13.21k,,,
HQ2WHAahubMf5HPax52tfoTywEGP9g5Z1WGwDL3spump,no_valid_launch_pair,,,1.0,,,,,
7ifLgfbdqob9JZrYXaHefK1Mrhd9thu1JuuxhEjPpump,liquidity<25000.0,,,2.0,2973.19,2.97k,,,
HrypEy7ua5edjeQiEZJdBiqbpWcLKzVN9XwTwi47pump,liquidity<25000.0,,,4.0,13748.31,13.75k,,,
CuLRD5wwCxFxhW54qj9AupYLDA8BdRNCdpMHtK4ipump,liquidity<25000.0,,,2.0,4013.68,4.01k,,,
8K7EdeRNW5YbmmCKvAUn4qa5j7Ggz4iAAZbhnoHJpump,launch_older_than_30.0d,2025-10-01T19:05:42+00:00,medium,2.0,,,,,
33c89WAFtZz6KGNH2acnXsUs3Wv5r3VkkwKumeYKpump,liquidity<25000.0,,,4.0,3731.35,3.73k,,,
APtvXxH8sBD2mKH8SC8qcAkpwfrLLXKHRrXcmUwppump,no_valid_launch_pair,,,1.0,,,,,
Asg3FFJfrcuRLecr9odv4EJqy79xcNxYEBZfuMDkpump,no_valid_launch_pair,,,1.0,,,,,
9iyTGxhFm91Q8Xzu7dzMw12D6uhkn658F2X31zfzpump,no_valid_launch_pair,,,1.0,,,,,
3xvoXAPKDYJ133biV4Yp9NzkWUwkjwdLxaThTgS4pump,no_valid_launch_pair,,,1.0,,,,,
6MGv9FQYFiDQpaiVSn8FesGUHLutkJwni6NqV5Mpump,no_valid_launch_pair,,,1.0,,,,,
2bKaHaZocsKALetqqTVekX4oHY7nYM9bTvoT3j5fpump,no_valid_launch_pair,,,1.0,,,,,
GnWVYNsnjhRcDH3QJfh5B33WrztvdoWhjwwKJAgLpump,liquidity<25000.0,,,2.0,2981.0,2.98k,,,
4WJnnDmYbdcrGWWAD3cdREhP6n89xpuvFLrDBMu2pump,no_valid_launch_pair,,,1.0,,,,,
GYputBxNWEwP4YUsfmLeK87Frjg9fs8wvKANF4tvmoon,no_valid_launch_pair,,,1.0,,,,,
8pEDGRYron3arJj1Bd33hTCmby46eAvPETwUKJrxpump,no_valid_launch_pair,,,1.0,,,,,
AJben4N1J2BtoJFj6SqcTj7R5PHmiPGmYx2oyXe8pump,no_valid_launch_pair,,,1.0,,,,,
HDzzss4HvBYZ7ADZ2AeSCAH3jkQ5U9FrFmK6pnBCpump,liquidity<25000.0,,,2.0,4877.47,4.88k,,,
EUUdWDEPUUogXYXiZ6CZXsB1cb2y4maTU7kwbyepBAGS,liquidity<25000.0,,,4.0,9587.67,9.59k,,,
488WPbWDuAQYFJeiGZp1eTNUzkFbXZNnkuaGxqrfpump,no_valid_launch_pair,,,1.0,,,,,
GKw9gVPPu7f3HY8u3R3A7mrbFoX3r2X5gmNWdPPhnMga,liquidity<25000.0,,,2.0,3092.81,3.09k,,,
88fLjCjHUp9VXcXthwJETTkHFHCEnqys5bWj5tQ9pump,liquidity<25000.0,,,2.0,2952.56,2.95k,,,
6sGWD5XF9MP5KgSxxe1DafxiTLJ9zRyiU7rxSDespump,no_valid_launch_pair,,,1.0,,,,,
EfADj8evPhhu5pPFEMYMGydi8PxBMPveFXLDQW8Xpump,liquidity<25000.0,,,3.0,5490.07,5.49k,,,
67feJikde9fihckH64DVwCjL4Jex3U8JEns55TQRpump,liquidity<25000.0,,,2.0,13760.74,13.76k,,,
FAjqv9dyMRLrANGnUNpQCPW2e6vMAo25a5Ri7R2pump,no_valid_launch_pair,,,1.0,,,,,
Q1EfissNQXJ1sQBXjxgE713URVEUmWdMFv9F4Uapump,no_valid_launch_pair,,,1.0,,,,,
GAYQMgvkN8m9c8xzkKqpPZHKeTUcGFJZuAPPhWWmpump,liquidity<25000.0,,,2.0,3396.12,3.40k,,,
iWQL3N9D59vJXXmdiKaUmRpWUtB9NW8ubnbMUsmpump,liquidity<25000.0,,,4.0,6996.27,7.00k,,,
GWBZVRiaG6gswRir5myPqmEiU99z8nf2atcyAwp1pump,liquidity<25000.0,,,2.0,2948.8,2.95k,,,
4zSmEJzcFkqTXxzGe79mSqXETe5yrXLETE8kppn6pump,liquidity<25000.0,,,2.0,3099.98,3.10k,,,
61QFZtjAri8PrRUfEnq3Vg1CNYyLPHf7CurhYbrupump,no_valid_launch_pair,,,1.0,,,,,
a78v4D3VmXUkJ83ADxupSrRhtD2EV72PjaVGQNoWuYQ,no_valid_launch_pair,,,1.0,,,,,
7vMJaD87GmDJHZZBNs4sedoXStN3f5ALjwPuXW2Bpump,no_valid_launch_pair,,,1.0,,,,,
D3kvBJ7ZhCETJARrJR29pMyq8EuAPvD6tfLMVkSqpump,no_valid_launch_pair,,,1.0,,,,,
7ueN4YTFuRB7FwjuXuMJpNdr7UhxNiszvb79X5agpump,no_valid_launch_pair,,,1.0,,,,,
CfdevpqPNEkn2Xa4WqXRNmx2qCC4fbwJmz3c7pbdpump,no_valid_launch_pair,,,1.0,,,,,
3JV7uNQizBobsRNApbXBWKgcmuVjzksc8G7BZFYApump,no_valid_launch_pair,,,1.0,,,,,
8WFaJP782LxpyiPQNPUsxwqTmaGjHZE9WfRd1taopump,no_valid_launch_pair,,,1.0,,,,,
HuUCiuwxgcQBYHZNNHYYeAkyZcSBbNWQN68Jkdhapump,no_valid_launch_pair,,,1.0,,,,,
HF9FZmFAvy4UwskqghEtTwzSKjhStX5ZhuFf2CBopump,no_valid_launch_pair,,,1.0,,,,,
CEYKgmtbvFb5Nrq6qnEHn36iDs7E3i3J59WqwVGXpump,no_valid_launch_pair,,,1.0,,,,,
CFQxoTpPKEpSBjERyBBbd4yND9wQTsL7pRxijPinpump,no_valid_launch_pair,,,1.0,,,,,
C7zh5eXtBN451a942RHgeRXgJ7j5b1VdV1TUYMMUpump,no_valid_launch_pair,,,1.0,,,,,
BxuvqXmTqVKrFUaeobU2zuJLKcRAuimXWdqLC6UPwNxv,no_pairs,,,,,,,,
AJP8xRkTWRXEGeADiCwaJNxLY4rCeHGrBzEjvV3FWqsw,liquidity<25000.0,,,2.0,4290.36,4.29k,,,
4t2mn2J6qn7Nf7ZVhParanWaW4ykcEja9kyRNXUgxKaU,no_valid_launch_pair,,,1.0,,,,,
BBwJQu3K3wnK5EJNH9F6D3H541zNsDZMBGiAfUSFpump,no_valid_launch_pair,,,1.0,,,,,
3pvJtkqrjfGsHfR1FyebwBRbTyTCv1KZ2TzJWv9bpump,no_valid_launch_pair,,,1.0,,,,,
Bj8ato1NJ56eK2QdkwmysxrWwBxbcFBnpMyux98Npump,no_valid_launch_pair,,,1.0,,,,,
HzHQxAmbEq21PPxHNGQYMZVSTNFd1Lxk2shMXs5gpump,no_valid_launch_pair,,,1.0,,,,,
GHye1WwH1JeVSCmQtdmkzHopHjETS61zjvU5J1njpump,no_valid_launch_pair,,,1.0,,,,,
W7Fb3tBq9JCvL1aqXKRdrfLcYHhankcxNgzY28Apump,no_valid_launch_pair,,,1.0,,,,,
GYARr7hksEHWBqbFq1adgVE6vAbMVipNgLrzNK5gHjPf,no_valid_launch_pair,,,1.0,,,,,
aXoGJZTWyqa8nApbJgaP7FVA26vF8ALCFjWSVnHGigA,no_valid_launch_pair,,,1.0,,,,,
55sBX9cbSx2k572vwqVunDwsW56tHuE4v2uGGPT9pump,no_valid_launch_pair,,,1.0,,,,,
DBswa65udzC8dugQ8PC1jZvyqhivCB19byWrfYYJVXa9,no_valid_launch_pair,,,1.0,,,,,
8M9APMgcqNp1S2fVuywVCGAcaPkAGh9vwptGbGGDpump,no_valid_launch_pair,,,1.0,,,,,
8AoSP1xyiHhnDE4HMdT3UBNd6X52WoH2STgZYe7Lpump,no_valid_launch_pair,,,1.0,,,,,
CbwbexUhUVUcNbxM77iH3AwjGMgVgEcoJ87BAwSRpump,no_valid_launch_pair,,,1.0,,,,,
5QtfktwoG3nRrscPpbL3RZd1thvC65UCZYJ63itXpump,no_valid_launch_pair,,,1.0,,,,,
9EkUpBwkc9gV7Ka1MsKKcFLCcqkBphFUWnxJFkPvPGhD,no_valid_launch_pair,,,1.0,,,,,
8GH3wmwvpWNwS8QqKK3FXo4AqbkqeB4bRxwUPVVeNz97,no_valid_launch_pair,,,1.0,,,,,
2udyZ6LtmjDess6SFJT4Unu4A3eou4yp1Rfhzwoepump,no_valid_launch_pair,,,1.0,,,,,
4kzoRCUxGHSUJw2u3UXbraoEthe4FtAJsX4rM7xMpump,no_valid_launch_pair,,,1.0,,,,,
AyGJJs4km4CnWHQvDepVVfU8zn3oMWZg1WWQC2wxZGkB,no_valid_launch_pair,,,1.0,,,,,
7dfZBcfXatDenXSYDcbzztMDKxUQBB25pruR2Ejepump,no_valid_launch_pair,,,1.0,,,,,
2RDf7eSQoUBAGhDCrVRUrtY8z2xfqELcwoxEG1aYpump,no_valid_launch_pair,,,1.0,,,,,
CHjJmmLYXTRQwpDR7sJZ48e5nkbmeciJykajnLx4pump,no_valid_launch_pair,,,1.0,,,,,
9wqux1PU3m2ef95vZVd6Noea8wjQ6u4XU5V55rA7pump,no_valid_launch_pair,,,1.0,,,,,
8Bg5huY9EnDSDJXr7RHrfp6yn2AMQxWFmQeTQ3Ffpump,liquidity<25000.0,,,2.0,5197.88,5.20k,,,
29bL1Q9TFrzsC9anSxEUpavg6GAKcwEVfQDccnZkhipo,liquidity<25000.0,,,2.0,6921.99,6.92k,,,
4KrcURuuBN57ppJy3hA2TKbW1cKcJmNyjsNB9kfFbonk,liquidity<25000.0,,,5.0,33.37,33.37,,,
