Name,Symbol,Token Address,Pair Address,DEX,age_bucket,seen_count,launch_liquidity_usd,liquidity_growth_pct,Liquidity USD,Volume 24h USD,Current MC/FDV USD,txns_h1,txns_h24,liq_to_vol,buys_h1,sells_h1,buys_h6,sells_h6,price_change_h1,price_change_h6,Liquidity_fmt,Volume_24h_fmt,MC/FDV_fmt,Price USD,MC Source,pairs_count,launch_dt,launch_age_hours,launch_conf,launch_pair,launch_dex,launch_quote,pairs_guard_mode,max_pairs_for_new
Dale,Dale,7MDApufGNAKDDTcM3hrUpUfZ8jcaXdaoSZy1sQdRpump,2fDUxPqLabB1zVKuEKH4bGxxtvA95mhdMenxbKUNbYP6,pumpswap,>7d,24,66455.52,3.55,68812.93,207174.7,276516.0,82,2379,0.332149,43,39,340,290,-8.09,14.55,68.81k,207.17k,276.52k,0.0002765,marketCap,3,2026-01-24T17:11:54+00:00,184.81191978527775,high,2fDUxPqLabB1zVKuEKH4bGxxtvA95mhdMenxbKUNbYP6,pumpswap,SOL,exclude,8
MangaNow,MGN,147uk4CFxsppdmKZUAakfLvduo4x459HiJ5Ct6MzJory,8vfdRerSPCQDzwTKUguAwEmQ4eQwCZ5JJ3XWV8AgoVLn,meteora,>7d,26,42281.71,95.74,82762.99,246176.47,624559.0,65,2125,0.336194,36,29,263,172,-8.82,20.88,82.76k,246.18k,624.56k,1.24,marketCap,1,2026-01-14T11:59:10+00:00,430.02414200749996,high,8vfdRerSPCQDzwTKUguAwEmQ4eQwCZ5JJ3XWV8AgoVLn,meteora,USDC,exclude,8
GreenlandSilverBank,GSBANK,5f2KbZjnJEnPpW5JqY53mv2cDH7MLixUUgxCFnLBpump,9JYyABa1nGKxNbmcyxgj4TZkZ23WgsffuSSokjSLqKEj,pumpswap,12-24h,5,45179.06,-19.41,36411.66,585755.29,167588.0,202,7892,0.062162,102,100,776,515,3.08,-24.07,36.41k,585.76k,167.59k,0.0001675,marketCap,3,2026-01-31T20:54:33+00:00,13.101086451944443,high,9JYyABa1nGKxNbmcyxgj4TZkZ23WgsffuSSokjSLqKEj,pumpswap,SOL,exclude,8
ELEMENTARDIO,AUTARDIO,4MTfiD3zN6myhMYMTMtHedyfiYhesRAXTU3JosLDpump,H2ENaoG3iJpcahnDhd2x8cTDvqHpVKH2Bs3PGmtVq4cf,pumpswap,24-48h,5,62628.68,-0.67,62211.87,560028.07,498753.0,340,65737,0.111087,268,72,1304,407,-16.47,3.44,62.21k,560.03k,498.75k,0.0004987,marketCap,3,2026-01-31T07:59:56+00:00,26.011364229722222,high,H2ENaoG3iJpcahnDhd2x8cTDvqHpVKH2Bs3PGmtVq4cf,pumpswap,SOL,exclude,8
Nietzschean Penguin,PENGUIN,8Jx8AAHj86wbQgUTjGuj6GTTL5Ps3cqxKRTvpaJApump,DRAf8QxQY86h7yeHdo9GytXAF6GoTTT8oZjknwXV6dCS,pumpswap,>7d,72,31277.0,3274.16,1055334.6,12179023.37,40584483.0,770,36108,0.086652,291,479,2207,2045,4.34,-3.33,1.06m,12.18m,40.58m,0.04058,marketCap,29,2026-01-16T19:29:11+00:00,374.5238642297222,high,DRAf8QxQY86h7yeHdo9GytXAF6GoTTT8oZjknwXV6dCS,pumpswap,SOL,exclude,8
Elon Coin,ELON,2akXpuyFXAVN5YofZpZMfBp2Vxognpmv9NooBMuHpump,afpugRuqYSxVwEMHSV1x4EZeq8pNPU3GqaRtpxh1sue,pumpswap,48-72h,23,225985.81,10.38,249443.47,3348825.25,2774881.0,2000,26859,0.074487,982,1018,4143,4068,25.63,120.0,249.44k,3.35m,2.77m,0.002774,marketCap,9,2026-01-29T23:05:06+00:00,58.92525311861111,high,afpugRuqYSxVwEMHSV1x4EZeq8pNPU3GqaRtpxh1sue,pumpswap,SOL,exclude,8
Liora Nuclear Beam,BEAM,CV38eqqRKfhvqZ5yyuwuNFGTfof1wYvNguJXt2mZDRMj,9y3D2aVZjxGEZTHAdwhRjgxRSZ7B3Tym5SGmvMZcg8gR,meteora,3-7d,52,229822.29,-33.53,152769.66,281682.66,1393690.0,46,2150,0.542347,29,17,214,97,-0.01,-9.34,152.77k,281.68k,1.39m,0.001393,marketCap,4,2026-01-28T01:03:50+00:00,104.94636422972222,high,9y3D2aVZjxGEZTHAdwhRjgxRSZ7B3Tym5SGmvMZcg8gR,meteora,SOL,exclude,8
OpenClaw,OPENCLAW,CxoaKHTGYAUkHwzK5dazVYuG3vvEXExrGznMwX1ipump,8okPu3obEisMRVC9YM9Y6e9yZyGQr6ZrBFHQCJqbxBcw,pumpswap,48-72h,7,108662.11,19.6,129964.32,3962697.23,1062659.0,989,33923,0.032797,493,496,2873,2525,-2.02,62.19,129.96k,3.96m,1.06m,0.001062,marketCap,8,2026-01-30T04:21:30+00:00,53.65191978527778,high,8okPu3obEisMRVC9YM9Y6e9yZyGQr6ZrBFHQCJqbxBcw,pumpswap,SOL,exclude,8
x1xhlol,X1XHLOL,DEffWzJyaFRNyA4ogUox631hfHuv3KLeCcpBh2ipBAGS,Qa5ZCCwrWoPYckNXXMCAhCsw8gafgYFAu1Qes3Grgv5,meteora,>7d,53,31920.41,105.87,65713.05,307023.7,704649.0,362,4061,0.214032,159,203,795,761,-3.19,-0.53,65.71k,307.02k,704.65k,0.0007046,marketCap,19,2026-01-16T16:04:42+00:00,377.9319197852778,high,Qa5ZCCwrWoPYckNXXMCAhCsw8gafgYFAu1Qes3Grgv5,meteora,SOL,exclude,8
Fiona,Fiona,B4K4oLJJCubqn87xoyfjRjPk73zAevGnNXeuNrQypump,8gtSDQiafCqXukrQFZ5K6kbFb9kdF5btCnXMB2HfN5KK,pumpswap,0-6h,2,30218.61,0.0,30218.61,969274.05,109300.0,9061,20421,0.031177,5179,3882,11551,8870,-47.49,147.0,30.22k,969.27k,109.30k,0.0001092,marketCap,3,2026-02-01T08:18:27+00:00,1.702753118611111,high,8gtSDQiafCqXukrQFZ5K6kbFb9kdF5btCnXMB2HfN5KK,pumpswap,SOL,exclude,8
PsyopAnime,PsyopAnime,2nP9yKQNSGQy851iyawDvBkzkK2R2aqKArQCKc2gpump,FpyosQzp5ijfrxqqBVNm67rfam7VsbVNAm7PUf8Yvt1c,pumpswap,>7d,104,517031.14,-57.72,218601.52,584778.92,2155510.0,129,3731,0.373819,83,46,285,274,-1.19,-0.12,218.60k,584.78k,2.16m,0.002155,marketCap,9,2026-01-10T01:04:57+00:00,536.9277531186111,high,FpyosQzp5ijfrxqqBVNm67rfam7VsbVNAm7PUf8Yvt1c,pumpswap,SOL,exclude,8
Seeker,SKR,SKRbvo6Gf7GondiT3BbTfuRDPqLWei4j2Qy2NPGZhW3,VY1ZQXjqBwvuWgVfTfhqanJe96GGoQrX7xZZDrWPGiT,orca,>7d,80,703131.87,-18.94,569943.45,707283.27,94395486.0,349,7482,0.805821,256,93,819,698,-0.11,3.62,569.94k,707.28k,94.40m,0.01656,marketCap,30,2026-01-21T01:55:41+00:00,272.08219756305556,high,VY1ZQXjqBwvuWgVfTfhqanJe96GGoQrX7xZZDrWPGiT,orca,USDC,exclude,8
Jeffrey Epstein,Epstein,EF228ijSZdSampJMvhLUiijJGP5PTH1Z17i71JR5pump,8Hr17Az18WtcHTo5QuuLXMCxQjGzkfpBxRrnStL2gipH,pumpswap,12-24h,5,58455.35,73.87,101633.95,10208074.52,841126.0,3256,118570,0.009956,1938,1318,13554,9347,-29.28,-38.08,101.63k,10.21m,841.13k,0.0008654,marketCap,7,2026-01-31T13:47:22+00:00,20.22080867416667,high,8Hr17Az18WtcHTo5QuuLXMCxQjGzkfpBxRrnStL2gipH,pumpswap,SOL,exclude,8
Eliza Town,ELIZA TOWN,CZRsbB6BrHsAmGKeoxyfwzCyhttXvhfEukXCWnseBAGS,3MnaZsJRmGiZ7jVvWE6iCW4UscG4zjFeFW2GmAExZXvi,meteora,>7d,52,68675.69,-41.56,40135.44,230427.57,258495.0,70,3541,0.174178,17,53,125,204,14.84,17.44,40.14k,230.43k,258.50k,0.0002611,marketCap,8,2026-01-18T00:14:16+00:00,345.7724753408333,high,3MnaZsJRmGiZ7jVvWE6iCW4UscG4zjFeFW2GmAExZXvi,meteora,SOL,exclude,8
Elongate,Elongate,4unWoM3GCpe22TvHcAHpc4ksoMoC9NDZX8RPeCnLpump,4c7GJuRJmstvs4bw78szMw93E2ahW5o9nRJmq6KFseoa,pumpswap,24-48h,5,24624.98,2.77,25307.53,335150.64,72543.0,90,4443,0.075511,49,41,253,193,15.16,-23.81,25.31k,335.15k,72.54k,7.255e-05,marketCap,1,2026-01-30T17:27:27+00:00,40.552753118611115,high,4c7GJuRJmstvs4bw78szMw93E2ahW5o9nRJmq6KFseoa,pumpswap,SOL,exclude,8
Accelerando,Accelerando,HiNkp9CdKqTgPtB6WnnrrUAu9YwQqnrvT6Ceuxoypump,E3ryCiBNosokYEg84pCHx6j5bfZ8tJbkqQzJxrV7ZxZe,pumpswap,24-48h,6,47894.37,119.85,105297.2,2106601.89,1036978.0,2011,17785,0.049984,1058,953,2865,2448,6.38,784.0,105.30k,2.11m,1.04m,0.00104,marketCap,2,2026-01-30T21:43:23+00:00,36.28719756305556,high,E3ryCiBNosokYEg84pCHx6j5bfZ8tJbkqQzJxrV7ZxZe,pumpswap,SOL,exclude,8
Eva Everywhere,EVA,4gfNpwo8LQtcgGrNmgWhuwfFhttgZ8Qb6QXN4Yz8BAGS,2pBZiM73oiJq2RiW9LxTe4Mc52vmxxvoaT4mj5LcF9Fe,meteora,3-7d,52,171009.26,-11.18,151895.08,682309.96,3053217.0,114,4024,0.222619,32,82,504,484,15.86,16.38,151.90k,682.31k,3.05m,0.003053,marketCap,9,2026-01-25T20:42:04+00:00,157.3091420075,high,2pBZiM73oiJq2RiW9LxTe4Mc52vmxxvoaT4mj5LcF9Fe,meteora,SOL,exclude,8
Get Shit Done,GSD,8116V1BW9zaXUM6pVhWVaAduKrLcEBi3RGXedKTrBAGS,DwudWjVAN7bZkW9zWLbYv6ksPdLvHWZRqy6eBk8xZXKV,meteora,>7d,106,66248.6,80.09,119305.73,522088.81,2321728.0,195,3795,0.228516,152,43,940,876,12.38,49.03,119.31k,522.09k,2.32m,0.002321,marketCap,16,2026-01-17T00:30:57+00:00,369.4944197852778,high,DwudWjVAN7bZkW9zWLbYv6ksPdLvHWZRqy6eBk8xZXKV,meteora,SOL,exclude,8
OpenClaw,OPENCLAW,8nuBeqkiHwv4HFfFM6iFdH6bdjtKF1XcZXkEr9nCpump,3n1edzjyqZMrG6ghFM8rUJYsE4i8UhwgvpYkrUUKDSRb,pumpswap,6-12h,4,258543.53,78.39,461225.15,2306650.72,27774698.0,1902,29449,0.199954,1297,605,12532,6911,25.76,74.93,461.23k,2.31m,27.77m,0.02777,marketCap,2,2026-02-01T01:46:50+00:00,8.229697563055556,high,3n1edzjyqZMrG6ghFM8rUJYsE4i8UhwgvpYkrUUKDSRb,pumpswap,SOL,exclude,8
moltbook,moltbook,6KywnEuxfERo2SmcPkoott1b7FBu1gYaBup2C6HVpump,8BqUYWX1XrhUYdXs6jHT4LJBx2vAePbszPqHKFhWkmoo,pumpswap,12-24h,5,31038.84,32.84,41232.12,8690814.77,138896.0,544,83037,0.004744,287,257,2954,2564,-11.92,143.0,41.23k,8.69m,138.90k,0.0001389,marketCap,12,2026-01-31T15:19:54+00:00,18.678586451944447,high,8BqUYWX1XrhUYdXs6jHT4LJBx2vAePbszPqHKFhWkmoo,pumpswap,SOL,exclude,8
U.S Oil,USOR,USoRyaQjch6E18nCdDvWoRgTo6osQs9MUd8JXEsspWR,ECuy1H7P9hoa4BMQzppDhox64quS8MsfucnTQtNWjsRb,meteora,>7d,90,362616.28,70.92,619793.76,2420891.01,28252561.0,193,6157,0.256019,164,29,452,347,26.93,-14.48,619.79k,2.42m,28.25m,0.02825,marketCap,30,2026-01-08T22:49:34+00:00,563.1841420075,high,ECuy1H7P9hoa4BMQzppDhox64quS8MsfucnTQtNWjsRb,meteora,SOL,exclude,8
PEPSTEIN,PEPSTEIN,UKbjzACGQuvQHT2qYjfPqH6Fu6robJ5ZLx29GSnpump,4eqo6Rg1dVEuaPigr1QLnaPDYpKEU3QsBqCYiRoQqfUc,pumpswap,6-12h,3,29734.3,0.77,29962.16,745188.09,111124.0,844,18519,0.040208,418,426,4974,5234,-2.94,-71.51,29.96k,745.19k,111.12k,0.0001111,marketCap,2,2026-02-01T02:20:54+00:00,7.661919785277778,high,4eqo6Rg1dVEuaPigr1QLnaPDYpKEU3QsBqCYiRoQqfUc,pumpswap,SOL,exclude,8
Moltbook Town,TOWN,DgN9zcmQgWF98qkhoMEshq7G4eRDjxcHoXvijfffBAGS,E4rADp26yhGRbUM9ae5u8Z4tRwuvEgHZxb5jinfiiqSB,meteora,24-48h,6,13552.16,643.66,100781.39,4346822.77,1440573.0,5962,30819,0.023185,3278,2684,4335,3706,245.0,320.0,100.78k,4.35m,1.44m,0.00144,marketCap,7,2026-01-31T06:58:38+00:00,27.03303089638889,high,E4rADp26yhGRbUM9ae5u8Z4tRwuvEgHZxb5jinfiiqSB,meteora,SOL,exclude,8
bǐngwǔ,丙午,DMYNp65mub3i7LRpBdB66CgBAceLcQnv4gsWeCi6pump,2Y8QhdP4Zox3mTKiJNpCQiFqUncHDE69LKZnTyvFjeqG,pumpswap,>7d,84,38240.04,231.17,126640.53,373824.62,1244406.0,3177,58855,0.33877,2124,1053,12542,6668,-0.39,-10.5,126.64k,373.82k,1.24m,0.001244,marketCap,8,2026-01-16T13:59:53+00:00,380.01219756305557,high,2Y8QhdP4Zox3mTKiJNpCQiFqUncHDE69LKZnTyvFjeqG,pumpswap,SOL,exclude,8
ZERO-HUMAN COMPANY,ZHC,AWc8uws9nh7pYjFQ8FzxavmP8WTUPwmQZAvK2yAPBAGS,C8KA6cyjvi1pTsARZa5meWduJeJATVius1y33UdWTF7Z,meteora,>7d,71,167855.91,-46.94,89056.83,348922.03,1168981.0,85,2499,0.255234,58,27,178,167,2.65,24.86,89.06k,348.92k,1.17m,0.001169,marketCap,4,2026-01-22T17:50:33+00:00,232.1677531186111,high,C8KA6cyjvi1pTsARZa5meWduJeJATVius1y33UdWTF7Z,meteora,SOL,exclude,8
Buddy,buddy,9HHrikqNLYvfXzxtNV8pvPLrWbDGG4mZkVpaKBcvgLyu,36VnT7AR1GfUgUYz4EBgqkzLrZpVduziCx3wVNkaNjYw,pumpswap,3-7d,3,46251.41,-33.42,30794.0,455196.38,105777.0,88,4673,0.06765,47,41,304,289,-1.7,10.5,30.79k,455.20k,105.78k,0.0001057,marketCap,2,2026-01-29T09:45:55+00:00,72.24497534083334,high,36VnT7AR1GfUgUYz4EBgqkzLrZpVduziCx3wVNkaNjYw,pumpswap,SOL,exclude,8
King Molt,KING,8bDjEfE2EsgRPoCrtwMCHYqQMDEV5uZmTXiUEbabpump,5ZhVmB8VtswjrdtFj2sNxRG3cfDzNGqRjFVY5456J98S,pumpswap,12-24h,2,27164.56,59.6,43355.71,1463548.53,213501.0,756,19975,0.029624,451,305,3603,2540,-30.42,7.93,43.36k,1.46m,213.50k,0.0002135,marketCap,4,2026-01-31T21:08:56+00:00,12.861364229722222,high,5ZhVmB8VtswjrdtFj2sNxRG3cfDzNGqRjFVY5456J98S,pumpswap,SOL,exclude,8
ClawChain,CLAW,BQ48k92gDbxDrpw8Zr7NtYA5Bi7kttZ5cDASnEZNpump,5k97NcbQgZ6zb5dXP4aDJ1Y3231t4Ufqp5TYEjP3ssY5,pumpswap,12-24h,4,68804.46,-15.89,57873.53,3321031.6,331491.0,648,47716,0.017426,346,302,2507,2016,82.49,-2.15,57.87k,3.32m,331.49k,0.0003348,marketCap,4,2026-01-31T20:56:48+00:00,13.063586451944444,high,5k97NcbQgZ6zb5dXP4aDJ1Y3231t4Ufqp5TYEjP3ssY5,pumpswap,SOL,exclude,8
Moltmint,Moltmint,J69WFv8QGDzJNHiciYW2Ta1yzYM3N9ZA588XdJ78pump,36QX6sP3jHBamZYYeYph5kMsja1rW1p2Aqd3APo93s3b,pumpswap,6-12h,2,24877.31,62.32,40381.63,1146934.34,190680.0,331,19260,0.035208,170,161,3881,2972,26.28,50.68,40.38k,1.15m,190.68k,0.0001906,marketCap,3,2026-02-01T00:46:08+00:00,9.24136422972222,high,36QX6sP3jHBamZYYeYph5kMsja1rW1p2Aqd3APo93s3b,pumpswap,SOL,exclude,8
ClaudeCraft,CRAFT,B887p4K81vnF9ar13TB4gdAgjPRJXL77ztvXyjsypump,D347vF8gu5Y4QESEKY9fiTnSUaR6HYP1kz2v6bgZJKqV,pumpswap,0-6h,2,45394.39,-27.45,32931.57,1632186.06,123786.0,544,22397,0.020176,256,288,12550,9847,82.49,182.0,32.93k,1.63m,123.79k,0.0001246,marketCap,3,2026-02-01T05:10:51+00:00,4.829419785277778,high,D347vF8gu5Y4QESEKY9fiTnSUaR6HYP1kz2v6bgZJKqV,pumpswap,SOL,exclude,8
Smoking Chicken Fish,SCF,CcYCAx8NzB45yGJT29pxHW1JJ8EHfDLFifkUd7Vxpump,ABLbwwnHkxCmp9XN78CCq3VUqX69XM3GZi6BGetprtGg,pumpswap,0-6h,2,22182.54,113.69,47402.12,1304167.49,263703.0,1598,23567,0.036347,918,680,13325,10242,-0.99,511.0,47.40k,1.30m,263.70k,0.0002637,marketCap,4,2026-02-01T05:42:26+00:00,4.303030896388889,high,ABLbwwnHkxCmp9XN78CCq3VUqX69XM3GZi6BGetprtGg,pumpswap,SOL,exclude,8
Epstein Fight,Efight,9RpGDMvhJUcajJQ3fQANbe2Ry6mNaLQPLp4HRy58pump,Bc9dExLw7wscGScDfD7vSRyuCse844FMJbQgDRpH2ihm,pumpswap,0-6h,2,99027.39,38.23,136888.25,1048231.27,2428763.0,1916,23981,0.13059,1195,721,13496,10485,21.0,3739.0,136.89k,1.05m,2.43m,0.002428,marketCap,2,2026-02-01T04:37:14+00:00,5.389697563055556,high,Bc9dExLw7wscGScDfD7vSRyuCse844FMJbQgDRpH2ihm,pumpswap,SOL,exclude,8
Flufy,Flufy,43uGwcykUgmtQYrgsSDk7VkFhgN3kH9aThYeyWnBpump,FXeppYnNSTv4JkruHjDPKcnc2uBUnNqo2hswBs5RRDA4,pumpswap,6-12h,2,65322.6,-9.71,58978.63,5381836.93,339500.0,1270,46253,0.010959,732,538,6835,5538,7.84,-49.61,58.98k,5.38m,339.50k,0.0003395,marketCap,8,2026-02-01T02:42:18+00:00,7.305253118611112,high,FXeppYnNSTv4JkruHjDPKcnc2uBUnNqo2hswBs5RRDA4,pumpswap,SOL,exclude,8
Benham,Benham,HFtLLofzSqJUP5Hk96jyrBjyZq6PcUjfSA8AbKoopump,3VbpE4uCmN3j6LnUJzGqUjFDkxxyMpxUtUQjTBCdsjfy,pumpswap,3-7d,2,43352.06,8.62,47088.87,274092.18,225051.0,103,3961,0.171799,45,58,981,618,9.93,-14.31,47.09k,274.09k,225.05k,0.000225,marketCap,1,2026-01-27T19:35:44+00:00,110.41469756305555,high,3VbpE4uCmN3j6LnUJzGqUjFDkxxyMpxUtUQjTBCdsjfy,pumpswap,SOL,exclude,8
